date,RV,DRV,s_mean,s_std,m_mean,m_std,OFI_sum,OFI_mean,dmt_mean,dmt_std,s_rel_mean,s_rel_std,Q_bid_sum,Q_bid_mean,Q_ask_sum,Q_ask_mean,B_mean,B_std,A_mean,A_std
2020-01-03,6.564941804791433e-05,5.036367971897261e-05,-3.5644303797468364,32.231825160809834,277.5108227848101,47.81363625383815,-1.0,-0.012658227848101266,-0.008607594936708948,68.80364022559245,-0.02575516137731183,0.22794658026323472,295.0,3.7341772151898733,254.0,3.2151898734177213,279.29303797468356,45.3005949854635,275.7286075949367,55.132467695453286
2020-01-06,3.540183728731952e-05,-3.024758076059481e-05,3.700506329113923,56.24168624370374,280.4216455696203,27.342795677518282,-83.0,-1.0506329113924051,0.009746835443037742,32.2911200770819,0.025433387461517205,0.39139625035503733,401.0,5.075949367088608,569.0,7.2025316455696204,278.5713924050633,45.18569185080995,282.2718987341772,32.17256344552422
2020-01-07,1.5406187677694106e-05,-1.999564960962541e-05,4.314177215189875,32.36649108488097,284.25696202531645,16.0932980440442,84.0,1.0632911392405062,-0.0065822784810124265,22.898387575417644,0.02773511856004557,0.22519216890061217,411.0,5.2025316455696204,371.0,4.69620253164557,282.09987341772154,32.207218791622836,286.41405063291137,2.11622639413878
2020-01-08,2.7258317641337145e-05,1.1852129963643039e-05,-3.601772151898736,32.36993610568117,278.2046835443038,47.92962037397587,-20.0,-0.25316455696202533,0.012088607594935788,69.1588044138531,-0.025832436768694244,0.22793753112984722,350.0,4.430379746835443,469.0,5.936708860759493,280.00556962025314,45.423332752289525,276.40379746835447,55.273178321900474
2020-01-09,4.2285045648675885e-05,1.502672800733874e-05,4.353417721518984,32.71259629130869,283.7524050632912,36.19996413141691,20.0,0.25316455696202533,0.020632911392405005,51.710581979869964,0.028070285477275095,0.22662974550539086,284.0,3.5949367088607596,367.0,4.6455696202531644,281.5756962025316,45.718521794629496,285.9291139240506,32.64580446557879
2020-01-10,1.4394190193944317e-05,-2.7890855454731567e-05,0.8225316455696183,4.182272253322198,289.05772151898736,0.5284816164162562,0.0,0.0,0.008607594936709673,0.44102440242158986,0.0028390265063571105,0.014434548717999188,358.0,4.531645569620253,373.0,4.7215189873417724,288.6464556962025,2.0241877370458803,289.46898734177216,2.2818742830023377
2020-01-13,7.068930529706094e-06,-7.325259664238223e-06,0.06683544303797359,0.2941417079720432,288.7186075949367,0.2080032308502296,-8.0,-0.10126582278481013,-0.008987341772152359,0.2744159062104585,0.0002319624968510148,0.0010229891356061504,345.0,4.367088607594937,371.0,4.69620253164557,288.68518987341776,0.32346228234720076,288.7520253164557,0.15862695915692235
2020-01-14,1.7489211678155122e-05,1.0420281148449028e-05,0.6931645569620265,4.1192623014893375,286.0092405063291,32.594483793653616,8.0,0.10126582278481013,0.003607594936708455,46.31807146449643,0.0024266086520918586,0.014328521149970469,323.0,4.0886075949367084,334.0,4.227848101265823,285.66265822784806,32.623955399677634,286.35582278481013,32.694991093187
2020-01-15,2.1640613131791184e-05,4.151401453636062e-06,-3.37240506329114,32.67588365058611,288.70645569620257,16.387437538301416,-17.0,-0.21518987341772153,0.012911392405063778,23.202652335228493,-0.024288958079116615,0.2251793174539484,354.0,4.481012658227848,373.0,4.7215189873417724,290.39265822784813,1.0071458897462213,287.02025316455695,32.70991533883186
2020-01-16,3.6892205690432025e-05,1.525159255864084e-05,3.8634177215189855,32.855869626881834,290.1604430379747,16.425273681322,9.0,0.11392405063291139,0.03348101265822833,23.38266656607025,0.02588631122955206,0.22497152597639036,351.0,4.443037974683544,410.0,5.189873417721519,288.2287341772152,32.850639862912736,292.0921518987342,0.41082365948797056
2020-01-17,1.1607825497989017e-05,-2.528438019244301e-05,-14.67113924050633,64.23269811910325,285.6941772151899,32.580260555127346,8.0,0.10126582278481013,0.0037341772151893524,40.98595838717953,-0.10104451939787301,0.4413478654791655,330.0,4.177215189873418,414.0,5.2405063291139244,293.029746835443,0.6387768252855719,278.35860759493676,64.69511939611345
2020-01-20,0.0,-1.1607825497989017e-05,0.029999999999972705,0.0,293.255,0.0,0.0,0.0,0.0,0.0,0.00010230004603490002,0.0,79.0,1.0,79.0,1.0,293.24,0.0,293.27,0.0
2020-01-21,1.5940559262948028e-05,1.5940559262948028e-05,4.4636708860759535,33.410237690050636,283.26056962025314,48.74864078307223,0.0,0.0,-0.011835443037973991,70.21972420040018,0.028517562782671698,0.22808315453671696,316.0,4.0,355.0,4.493670886075949,281.0287341772152,56.23382145382108,285.49240506329113,46.354495708039366
2020-01-22,2.5491606482644975e-05,9.551047219696947e-06,0.8420253164556974,4.235044691359511,292.2821518987342,0.43084121914942025,0.0,0.0,0.004367088607595286,0.3558254821885981,0.002879415219484831,0.014472791474599562,405.0,5.1265822784810124,410.0,5.189873417721519,291.8611392405063,2.1314506841175156,292.703164556962,2.189969877034265
2020-01-23,4.889392041727911e-05,2.3402313934634135e-05,-6.607468354430381,46.26221442227112,287.06943037974685,22.994728938742533,0.0,0.0,-0.02170886075949336,32.92808840027314,-0.04804930864413269,0.3169178535717051,336.0,4.253164556962025,330.0,4.177215189873418,290.373164556962,2.132868866287603,283.7656962025317,46.076699425607806
2020-01-24,6.9774060705042e-05,2.088014028776289e-05,0.718860759493674,4.159034955661567,290.48727848101265,1.1666838270171709,0.0,0.0,0.01860759493670849,0.41655019144498745,0.002459472778796819,0.014222631890326104,287.0,3.632911392405063,327.0,4.139240506329114,290.1278481012658,2.092282320807686,290.84670886075946,2.6445118407164845
2020-01-27,0.0002765218238286641,0.0002067477631236221,0.04860759493671066,0.0503763827758325,285.9126582278481,0.4019534316079747,-1.0,-0.012658227848101266,-0.09101265822784807,0.8193318806240522,0.00017005599211905765,0.00017646617784341189,328.0,4.151898734177215,294.0,3.721518987341772,285.88835443037976,0.4075518855743641,285.93696202531646,0.3978736896282749
2020-01-28,2.731340994894171e-05,-0.0002492084138797224,1.1069620253164563,4.427589885123406,287.56462025316455,1.0453440030500794,1.0,0.012658227848101266,0.015632911392405236,1.1969593868526855,0.0038383874379488425,0.015406848037236087,315.0,3.9873417721518987,336.0,4.253164556962025,287.01113924050634,2.244716867156486,288.1181012658228,2.6360027411123954
2020-01-29,6.142815071270478e-05,3.4114740763763066e-05,18.389873417721514,70.87396316780921,279.2155696202532,35.20284752274785,0.0,0.0,0.010759493670885648,51.44895778446908,0.12685557658356575,0.49001240136517155,245.0,3.1012658227848102,273.0,3.4556962025316458,270.0206329113924,70.6381183022778,288.4105063291139,0.5445343782186676
2020-01-30,7.126151412074593e-05,9.833363408041153e-06,0.35556962025316347,1.9229576223949307,286.4270253164557,1.0721104632940959,-20.0,-0.25316455696202533,0.015316455696202262,0.9373760915627306,0.0012248924888663892,0.006610097545572204,258.0,3.2658227848101267,284.0,3.5949367088607596,286.2492405063291,0.8251507588001455,286.60481012658227,1.861948153151516
2020-01-31,0.00011420693856276203,4.2945424442016096e-05,0.11037974683543761,0.4305019224412122,283.93898734177213,1.177838192422891,20.0,0.25316455696202533,-0.0775949367088607,0.43543071864908994,0.0003881158812663803,0.0015100701103721995,272.0,3.4430379746835444,196.0,2.481012658227848,283.88379746835443,1.1754653238976562,283.9941772151899,1.2188325725820472
2020-02-03,7.947302826207487e-05,-3.473391030068716e-05,0.05556962025317153,0.05644936091126236,284.60664556962024,0.6331366368910307,-79.0,-1.0,0.019493670886076207,0.28422476089007465,0.00019516790623825536,0.00019799416333901191,289.0,3.6582278481012658,436.0,5.518987341772152,284.5788607594937,0.6283168140556377,284.63443037974685,0.639167621439041
2020-02-04,0.0002096379559505217,0.00013016492768844684,-3.6162025316455706,32.48793757625213,279.40746835443036,48.13386726748627,101.0,1.2784810126582278,0.05221518987341772,69.3145908565213,-0.02583717735551745,0.22793697836298527,280.0,3.5443037974683542,278.0,3.518987341772152,281.2155696202532,45.61247635626526,277.59936708860755,55.506516742418064
2020-02-05,0.00010470721249729286,-0.00010493074345322883,3.7201265822784846,32.66981424502265,282.37474683544303,48.6756809830726,-21.0,-0.26582278481012656,0.06069620253164649,69.90039092245229,0.026128603699001753,0.22790333289639667,259.0,3.278481012658228,242.0,3.0632911392405062,280.5146835443038,56.09325764674586,284.23481012658226,46.10692644613866
2020-02-06,3.258484086472421e-05,-7.212237163256864e-05,11.917848101265816,56.752229452895214,287.9858860759494,28.09427000114279,-1.0,-0.012658227848101266,0.014620253164556616,40.53224174663659,0.07838519121939909,0.3844886114071652,311.0,3.9367088607594938,267.0,3.3797468354430378,282.0269620253165,56.428066583436056,293.9448101265823,2.203880529103807
2020-02-07,6.11087431855332e-05,2.852390232080899e-05,1.0722784810126602,4.365793595249997,291.8698101265823,0.6802447914584814,0.0,0.0,-0.013860759493671231,0.8726716087817786,0.003657869100165073,0.014899505602451785,230.0,2.911392405063291,275.0,3.481012658227848,291.33367088607594,1.960508945705885,292.4059493670886,2.5713707403995563
2020-02-10,1.4004024106276559e-05,-4.7104719079256644e-05,8.226962025316451,47.0193886728146,288.2277848101266,22.666594599435324,0.0,0.0,-0.030443037974683205,32.44015835102631,0.053069199551974734,0.31610164032069865,288.0,3.6455696202531644,254.0,3.2151898734177213,284.1143037974683,46.139602370207776,292.3412658227848,2.024245580956524
2020-02-11,2.792514178995811e-05,1.392111768368155e-05,0.043924050632909536,0.02954430490995832,293.3217088607595,0.43730518451952044,4.0,0.05063291139240506,0.03094936708860824,0.37836615350925384,0.00014974919620922545,0.00010070205607246099,329.0,4.1645569620253164,346.0,4.379746835443038,293.29974683544305,0.43773887159056274,293.343670886076,0.43737028030060027
2020-02-12,6.942071981226244e-05,4.149557802230433e-05,0.15772151898734146,0.7812087106908081,295.0837974683544,0.36693045452112244,-24.0,-0.3037974683544304,0.034683544303796866,0.4467599465640892,0.0005365984150956959,0.0026598903399539333,417.0,5.2784810126582276,461.0,5.8354430379746836,295.0049367088607,0.6866041919881322,295.16265822784806,0.32092697811809123
2020-02-13,3.725609335284999e-05,-3.2164626459412454e-05,0.48215189873417547,2.0507101152115426,294.9803164556962,1.1058650001568273,21.0,0.26582278481012656,-0.08797468354430366,0.7459980919526572,0.0016562245398144034,0.007083010821891041,307.0,3.8860759493670884,364.0,4.6075949367088604,294.7392405063291,2.0355990563807334,295.2213924050633,0.6363310986594176
2020-02-14,1.705222076694529e-05,-2.02038725859047e-05,11.326962025316456,57.12018724279873,288.73563291139243,28.04258258534378,-41.0,-0.5189873417721519,0.07322784810126542,40.454226571030134,0.07611403335577113,0.3846798843768921,396.0,5.012658227848101,467.0,5.9113924050632916,283.0721518987342,56.60131335503703,294.3991139240506,0.649690636189452
2020-02-17,0.0,-1.705222076694529e-05,0.0200000000000386,0.0,294.53,0.0,0.0,0.0,0.0,0.0,6.790479747407277e-05,0.0,1343.0,17.0,4503.0,57.0,294.52,0.0,294.54,0.0
2020-02-18,3.2019664414126066e-05,3.2019664414126066e-05,11.31088607594936,57.001421803901884,287.2544303797468,27.81090913038536,-5.0,-0.06329113924050633,-0.020189873417721146,40.00847471476447,0.07614039675420368,0.3846747200457434,350.0,4.430379746835443,428.0,5.417721518987341,281.59898734177216,56.3075116725668,292.90987341772154,0.9687653967952721
2020-02-19,1.16889202751256e-05,-2.0330744139000463e-05,0.03924050632911202,0.03288566642399746,286.78911392405064,46.51667466921648,-18.0,-0.22784810126582278,0.01455696202531617,66.68272269885186,0.00013684809331010814,0.00011121777451347949,312.0,3.949367088607595,479.0,6.063291139240507,286.7694936708861,46.513514410515874,286.8087341772152,46.51984052508901
2020-02-20,7.678079961572802e-05,6.509187934060243e-05,4.434177215189872,33.20584674373162,290.73784810126585,16.434148755258498,63.0,0.7974683544303798,-0.009556962025315675,23.457756893084373,0.02776670200721823,0.22518780399159163,320.0,4.050632911392405,306.0,3.8734177215189876,288.5207594936709,32.949770621829195,292.95493670886077,2.406083035322323
2020-02-21,0.00010678616806196295,3.000536844623493e-05,-3.507341772151901,31.642302005014834,287.753417721519,16.77289312964989,0.0,0.0,-0.04582278481012663,23.928491177244638,-0.025136879210280114,0.22503808822838295,288.0,3.6455696202531644,249.0,3.151898734177215,289.50708860759494,1.0146341413366649,285.99974683544303,32.59214696096024
2020-02-24,0.0009510989300599221,0.0008443127619979591,0.6979746835443021,4.0034982714630045,280.8635443037975,0.8546783590163746,0.0,0.0,-0.10367088607595006,1.004173569141329,0.0024797023234847107,0.014220944079315578,226.0,2.8607594936708862,184.0,2.329113924050633,280.5145569620253,2.074817753793648,281.21253164556964,2.273781143401518
2020-02-25,0.0006098395781147923,-0.00034125935194512984,0.6251898734177199,3.2714338034190114,271.5404430379747,31.092210863876588,0.0,0.0,-0.1386075949367087,43.322969739050784,0.0023353761576833322,0.01216662310424701,137.0,1.7341772151898733,143.0,1.8101265822784811,271.2278481012658,31.13919793241416,271.85303797468356,31.131216559886305
2020-02-26,0.000290546012521432,-0.0003192935655933603,0.0713924050632909,0.05098351109050193,264.92316455696204,43.01036161069596,-4.0,-0.05063291139240506,-0.01259493670886082,61.93929342333942,0.00026982791030824143,0.00018601761487162951,269.0,3.4050632911392404,263.0,3.329113924050633,264.8874683544304,43.004866554318646,264.9588607594937,43.015871071851
2020-02-27,0.0011002647229503644,0.0008097187104289323,0.28911392405063363,1.6453775109443995,263.61367088607597,2.1453742290339575,-23.0,-0.2911392405063291,-0.1539240506329117,1.3977783817237057,0.001105300113867762,0.006319115274243655,231.0,2.9240506329113924,300.0,3.7974683544303796,263.46911392405065,2.423516299942238,263.7582278481013,2.1645931455775247
2020-02-28,0.0018595770073357647,0.0007593122843854003,0.2686075949367074,0.9059457930481134,250.5639240506329,1.8744822654238593,-164.0,-2.0759493670886076,-0.034936708860759016,1.3477684532719947,0.001082428769644377,0.003701031163013763,429.0,5.430379746835443,800.0,10.126582278481013,250.42962025316453,2.089372647248866,250.69822784810125,1.7527858847206885
2020-03-02,0.0006513027702618586,-0.0012082742370739061,0.09632911392405076,0.08530754641206083,260.22651898734176,2.798885349841618,350.0,4.430379746835443,0.15860759493670887,0.7281830816864657,0.0003708497667183123,0.0003301067855282867,469.0,5.936708860759493,182.0,2.3037974683544302,260.1783544303797,2.806855358042785,260.2746835443038,2.7915443917086558
2020-03-03,0.0017467680135493729,0.0010954652432875142,0.16417721518987444,0.11275805269938027,262.77474683544307,3.053662565394351,-206.0,-2.607594936708861,-0.10037974683544312,1.2401423543576524,0.000624746860120913,0.00042940927451182143,400.0,5.063291139240507,468.0,5.924050632911392,262.69265822784814,3.0527145166484253,262.85683544303794,3.05565073194748
2020-03-04,0.0008438189042434661,-0.0009029491093059068,0.2705063291139219,1.3353909431747966,266.3033544303797,2.066650752862409,107.0,1.3544303797468353,0.14867088607594942,1.3190504327513446,0.001028350436970428,0.005117473594928817,307.0,3.8860759493670884,155.0,1.9620253164556962,266.16810126582277,2.3666957794974057,266.43860759493674,1.9576711269976061
2020-03-05,0.0009119472227673553,6.812831852388921e-05,0.11683544303797055,0.09736982504990879,262.7431012658228,1.6884510242847832,-120.0,-1.518987341772152,-0.12221518987341738,0.9010548472290802,0.0004446963426931302,0.00037105667861101475,171.0,2.1645569620253164,302.0,3.8227848101265822,262.6846835443038,1.6892190848200899,262.80151898734175,1.6890864535930687
2020-03-06,0.0013597835840579635,0.0004478363612906082,0.13037974683544098,0.10038953666458257,255.61683544303796,1.442334551951584,70.0,0.8860759493670886,-0.030822784810127325,1.069724512337042,0.0005097469989848354,0.000392047595247775,175.0,2.2151898734177213,161.0,2.037974683544304,255.55164556962026,1.4356642618553253,255.6820253164557,1.4507119204976326
2020-03-09,0.00704998924923033,0.005690205665172367,4.2226582278481,27.127646684482315,231.37550632911393,48.32720821884421,-10.0,-0.12658227848101267,-0.2386708860759494,44.306356830398535,0.03147953316448042,0.22951864731404692,213.0,2.6962025316455698,196.0,2.481012658227848,229.26417721518985,53.401756227905125,233.48683544303796,46.7679927680192
2020-03-10,0.002534187156930656,-0.004515802092299674,0.175569620253166,0.09316028144868184,243.21145569620256,3.0917498936788546,0.0,0.0,0.13132911392405064,1.2622887507600467,0.0007223807443857709,0.00038440839983482756,227.0,2.8734177215189876,209.0,2.6455696202531644,243.12367088607596,3.095838471079085,243.2992405063291,3.088358526812099
2020-03-11,0.0011381445652728364,-0.0013960425916578199,0.8243037974683527,3.532691529837469,235.93835443037975,27.006557866011065,0.0,0.0,-0.19746835443038002,38.262307227950025,0.003540963374691755,0.015129281314798342,169.0,2.1392405063291138,186.0,2.3544303797468356,235.52620253164557,27.066541901812236,236.3505063291139,27.061977010934434
2020-03-12,0.009310785750954875,0.008172641185682039,0.4382278481012665,1.3185430571557057,208.8693670886076,41.852531640541095,212.0,2.6835443037974684,-0.2871518987341769,34.870713565121285,0.002077460761582043,0.006031666844272927,618.0,7.822784810126582,205.0,2.5949367088607596,208.65025316455694,41.802310848119134,209.08848101265824,41.91306353750573
2020-03-13,0.0050394828847503716,-0.004271302866204503,0.9613924050632928,1.8264009264244636,219.50512658227848,2.8768218279770927,-212.0,-2.6835443037974684,0.19582278481012694,1.754464713161995,0.004353687429853644,0.008160557764051257,157.0,1.9873417721518987,131.0,1.6582278481012658,219.02443037974683,2.7815618868447185,219.98582278481015,3.237744786348264
2020-03-16,0.016500443529189602,0.01146096064443923,1.277974683544301,2.159986573882081,203.12518987341772,40.7345845031341,0.0,0.0,-0.3139240506329115,34.73064774428699,0.00636236738903004,0.01076502820197672,167.0,2.1139240506329116,212.0,2.6835443037974684,202.48620253164557,40.65723480273356,203.76417721518985,40.84035722763713
2020-03-17,0.002923666684241107,-0.013576776844948495,2.1407594936708847,7.610986622277828,208.14911392405062,5.520396490283286,-1.0,-0.012658227848101266,0.4020253164556961,2.9184081451906216,0.009638846557747112,0.03240616267201307,178.0,2.2531645569620253,144.0,1.8227848101265822,207.07873417721518,3.5800513415200452,209.21949367088607,8.780452488009395
2020-03-18,0.005435759526461299,0.002512092842220192,0.8855696202531658,0.9808783960222526,189.94025316455696,38.20337369230037,-8.0,-0.10126582278481013,-0.4384810126582277,31.657463264693273,0.00471545072160453,0.005141155637920597,169.0,2.1392405063291138,140.0,1.7721518987341771,189.49746835443037,38.14347467359611,190.38303797468356,38.26946464200562
2020-03-19,0.002515269123756087,-0.002920490402705212,0.8143037974683557,1.3814231639168026,200.59841772151898,2.567987781580859,135.0,1.7088607594936709,0.017341772151898787,1.3776005327554495,0.004086935797488635,0.00703396640507189,627.0,7.936708860759493,380.0,4.810126582278481,200.19126582278483,2.8533522197532575,201.00556962025317,2.4498303169054845
2020-03-20,0.0016312637509030554,-0.0008840053728530316,6.798354430379746,40.90603276398426,197.45398734177215,11.45083563683842,-129.0,-1.6329113924050633,-0.9089240506329115,7.146722382650005,0.05184746851813111,0.3159805752467482,201.0,2.5443037974683542,216.0,2.7341772151898733,194.05481012658228,31.62912755514107,200.853164556962,9.92438017754616
2020-03-23,0.003042554436908154,0.0014112906860050986,0.28569620253164185,0.19222505202605625,186.51196202531645,2.1302975321448563,7.0,0.08860759493670886,0.7132278481012658,6.843292384910087,0.0015308880512423025,0.0010288720658809393,185.0,2.3417721518987342,164.0,2.0759493670886076,186.36911392405062,2.123519206456166,186.65481012658228,2.1413725892637
2020-03-24,0.0051719876664195535,0.0021294332295113995,0.6454430379746844,1.6468927988623001,198.90588607594938,22.79122043006876,123.0,1.5569620253164558,0.26556962025316444,31.834337069562995,0.0032704626450412136,0.00840975435110769,418.0,5.291139240506329,160.0,2.0253164556962027,198.58316455696203,22.79031016228359,199.2286075949367,22.82186118694862
2020-03-25,0.002097751383114585,-0.0030742362833049686,0.5516455696202544,1.547781232785646,214.67278481012661,3.978144438183256,-127.0,-1.6075949367088607,0.03594936708860765,1.5691190726232687,0.002572612592538199,0.0071489163837328866,396.0,5.012658227848101,144.0,1.8227848101265822,214.39696202531647,4.063365207095184,214.9486075949367,4.042046871097203
2020-03-26,0.0016056138415383597,-0.0004921375415762252,0.7493670886075969,35.740341293112095,218.46708860759495,17.50803979435636,0.0,0.0,0.18487341772151922,25.175912072886664,0.0035519034500886594,0.3205746842500287,142.0,1.7974683544303798,134.0,1.6962025316455696,218.09240506329112,24.947397182728192,218.84177215189874,25.087373050257863
2020-03-27,0.0019075222196404732,0.00030190837810211346,0.17430379746835342,0.15885555077187472,218.26626582278482,1.602829323006274,0.0,0.0,-0.10075949367088581,1.0057329539934838,0.000799526092605086,0.0007321784502706132,118.0,1.4936708860759493,129.0,1.6329113924050633,218.17911392405065,1.618380949316725,218.35341772151895,1.5910953218684243
2020-03-30,0.0004673371516311876,-0.0014401850680092856,0.3678481012658231,1.258974624381324,220.40202531645568,1.693747271544272,0.0,0.0,0.0948101265822786,0.5331061874295103,0.001657308176028041,0.005627202371318779,178.0,2.2531645569620253,188.0,2.3797468354430378,220.21810126582278,1.6359432909341018,220.58594936708863,1.963099014566817
2020-03-31,0.0004447284900124193,-2.2608661618768314e-05,0.13417721518987547,0.1340264764786171,221.9901265822785,1.5694309304043776,-139.0,-1.759493670886076,-0.05905063291139266,0.5402273239165205,0.0006047685227248077,0.0006057158318948738,191.0,2.4177215189873418,438.0,5.544303797468355,221.92303797468352,1.575778484391978,222.05721518987343,1.5659280337696855
2020-04-01,0.0017529603466373334,0.0013082318566249142,0.13544303797468407,0.1506889942755611,211.33481012658228,1.539506964665972,133.0,1.6835443037974684,-0.12424050632911389,1.000520405809278,0.0006408029792438856,0.0007122171087933146,193.0,2.4430379746835444,224.0,2.8354430379746836,211.26708860759493,1.5395871507037662,211.4025316455696,1.5431099702859785
2020-04-02,0.0008900461547296978,-0.0008629141919076356,0.3443037974683528,1.3567397607200604,211.5679746835443,1.6168591979568079,5.0,0.06329113924050633,0.06753164556962035,0.7155533421934257,0.0016123678087217898,0.006319549202203596,206.0,2.607594936708861,227.0,2.8734177215189876,211.39582278481012,1.5434000159445953,211.7401265822785,1.9408130028358261
2020-04-03,0.00040109363077014146,-0.0004889525239595564,-2.562784810126585,23.680115261798747,209.3573417721519,11.948773535266234,3.0,0.0379746835443038,-0.05018987341772156,16.810094465083306,-0.02484261031610145,0.2250721112962318,180.0,2.278481012658228,161.0,2.037974683544304,210.63873417721518,1.3427491575969124,208.0759493670886,23.75115433194706
2020-04-06,0.0016728821746585646,0.0012717885438884233,0.46037974683544164,1.9194099273808454,222.09575949367087,2.1567538654855474,-1.0,-0.012658227848101266,0.2548101265822784,1.3992499004819356,0.002058402008912988,0.008617963179160798,220.0,2.7848101265822787,173.0,2.189873417721519,221.86556962025318,2.1755469379135928,222.3259493670886,2.532239567689572
2020-04-07,0.0021662855223081065,0.0004934033476495419,0.16075949367088624,0.1834622308080689,231.6693670886076,2.2168359826055606,-44.0,-0.5569620253164557,-0.054113924050632624,0.8818798247587143,0.0006953011341770451,0.0008035455563082405,208.0,2.632911392405063,269.0,3.4050632911392404,231.58898734177214,2.2347239805104495,231.74974683544303,2.2026260403317486
2020-04-08,0.000389071017554387,-0.0017772145047537196,3.0084810126582293,25.71125400050493,227.1156329113924,29.108114312422522,-11.0,-0.13924050632911392,0.09721518987341816,41.45377010124586,0.0261403143976536,0.22640108983482862,188.0,2.3797468354430378,288.0,3.6455696202531644,225.61139240506327,36.64154499787397,228.61987341772152,26.124626484566818
2020-04-09,0.0006024176875757475,0.0002133466700213605,-2.920126582278481,26.973759304357493,233.8075316455696,29.809758962561865,187.0,2.367088607594937,0.03867088607595018,42.56242282803999,-0.02516019683211026,0.2265113623299108,452.0,5.7215189873417724,172.0,2.1772151898734178,235.26759493670886,26.828877152607742,232.3474683544304,37.69942512886719
2020-04-10,0.0,-0.0006024176875757475,0.0199999999999818,0.0,237.28,0.0,0.0,0.0,0.0,0.0,8.428860418063811e-05,0.0,10586.0,134.0,79.0,1.0,237.27,0.0,237.29,0.0
2020-04-13,0.00037086332552167003,0.00037086332552167003,0.09696202531645452,0.08526511341150349,232.9712658227848,0.8640848383807647,417.0,5.2784810126582276,-0.04044303797468347,0.5004633685417845,0.0004158847947454125,0.00036418794920396285,1274.0,16.126582278481013,181.0,2.2911392405063293,232.92278481012661,0.8548713154154678,233.01974683544304,0.8752801378423924
2020-04-14,0.0005944915738563402,0.00022362824833467018,0.29594936708860714,1.5195845577567169,239.05379746835442,1.0239394811311602,-638.0,-8.075949367088608,0.06993670886075956,1.3133836448300122,0.0012580238551991617,0.006536202963885527,156.0,1.9746835443037976,344.0,4.3544303797468356,238.90582278481014,1.658763524354998,239.20177215189872,0.7070900270786012
2020-04-15,0.0007281898383036087,0.00013369826444726847,-2.625063291139242,26.08400339305228,232.84898734177216,13.420781182595883,282.0,3.569620253164557,-0.05708860759493659,18.88874808545124,-0.02402198318938094,0.22524887200715535,580.0,7.341772151898734,174.0,2.2025316455696204,234.16151898734176,1.6309475683751116,231.53645569620255,26.4151918720238
2020-04-16,0.00019418735909199503,-0.0005340024792116136,6.127341772151899,37.19389589114296,231.046835443038,18.40536733967762,-195.0,-2.4683544303797467,-1.48620253164557,13.326658895515763,0.0513470538478686,0.31608237585541904,169.0,2.1392405063291138,194.0,2.4556962025316458,227.983164556962,36.985852650269486,234.11050632911392,1.1201532618743082
2020-04-17,0.0006809424671274121,0.00048675510803541705,3.11974683544304,27.22071152325967,238.2421518987342,13.386853426736945,-3.0,-0.0379746835443038,1.5776582278481013,23.47091903354298,0.025552037072660377,0.22499077249071814,213.0,2.6962025316455698,206.0,2.607594936708861,236.68227848101267,26.98370966063893,239.8020253164557,0.8824229170182976
2020-04-20,0.0005732256304324618,-0.0001077168366949503,0.07493670886075893,0.09019741052797864,239.00303797468356,1.2892604761887863,-88.0,-1.1139240506329113,-0.07417721518987323,0.6439857013760151,0.0003137306481027266,0.0003795914052400446,437.0,5.531645569620253,633.0,8.012658227848101,238.96556962025315,1.2941364280669412,239.04050632911392,1.285948615967289
2020-04-21,0.0007587074004570971,0.00018548177002463534,0.07582278481012737,0.06908945511096465,228.14841772151897,26.011061140041246,87.0,1.1012658227848102,-0.07911392405063328,37.05984001791592,0.0003320536439235643,0.0002966256801550236,199.0,2.518987341772152,200.0,2.5316455696202533,228.11050632911392,26.00646575909163,228.18632911392407,26.015701579229535
2020-04-22,0.00041334546754664666,-0.00034536193291045047,8.972911392405063,45.13476339869469,227.16898734177212,34.332235808756224,5.0,0.06329113924050633,0.056518987341772554,49.80720435836997,0.07718279839185202,0.3870526115649174,189.0,2.392405063291139,172.0,2.1772151898734178,222.6825316455696,51.75777742791736,231.65544303797466,26.402854779480368
2020-04-23,0.0002654119293779164,-0.00014793353816873028,-2.923164556962024,26.789849806926917,235.3434810126582,13.29370521352576,0.0,0.0,0.0056962025316457865,19.07798773076557,-0.024936988730853815,0.22506142427770734,218.0,2.759493670886076,191.0,2.4177215189873418,236.80506329113922,1.0219022902482873,233.88189873417718,26.6692508079301
2020-04-24,0.00012792804710859074,-0.00013748388226932564,0.0764556962025315,0.08040024835214114,235.93278481012658,1.0067680413069748,-3.0,-0.0379746835443038,0.03367088607594969,0.30109491311813025,0.00032421949523801015,0.00034184658859372333,210.0,2.6582278481012658,199.0,2.518987341772152,235.8945569620253,1.0119539331112402,235.97101265822783,1.0031675409533218
2020-04-27,7.90947827714008e-05,-4.883326433718994e-05,0.27974683544303935,1.761023139878794,231.4264556962025,46.28387913091407,-25.0,-0.31645569620253167,0.04398734177215183,54.467911397797316,0.001226559776105478,0.007619681286483617,256.0,3.240506329113924,316.0,4.0,231.286582278481,46.2748709811629,231.56632911392407,46.30963022672982
2020-04-28,0.0003302840062959656,0.0002511892235245648,0.07341772151898995,0.09176176059537364,242.16354430379744,0.8791594003462232,39.0,0.4936708860759494,-0.002341772151898762,0.502522378276447,0.00030329848839639605,0.0003794527297646379,222.0,2.810126582278481,193.0,2.4430379746835444,242.12683544303798,0.8843983095923088,242.20025316455695,0.8762946095796332
2020-04-29,0.00035111939339745946,2.0835387101493844e-05,0.07886075949367215,0.09436681486695299,246.44715189873418,0.7180853654096764,-166.0,-2.1012658227848102,0.0663924050632912,0.5121848228541034,0.00032002141558202445,0.0003827334953184291,155.0,1.9620253164556962,510.0,6.455696202531645,246.40772151898733,0.7208558826182601,246.486582278481,0.718409721816071
2020-04-30,0.0003039177393925032,-4.720165400495628e-05,-3.014936708860761,27.429893615870885,241.75962025316454,13.677483854771433,200.0,2.5316455696202533,-0.038227848101265775,19.4815017460347,-0.02502773178777297,0.22505072904964718,578.0,7.3164556962025316,467.0,5.9113924050632916,243.26708860759493,0.6496431997026083,240.25215189873416,27.384751684051174
2020-05-01,0.0003122238917832479,8.306152390744742e-06,-5.8393670886075935,36.96428627541316,234.98791139240504,19.176713920787893,-45.0,-0.569620253164557,-0.07449367088607602,27.288879739422278,-0.0503050259009131,0.31622978355703285,224.0,2.8354430379746836,186.0,2.3544303797468356,237.90759493670888,1.0778970684766287,232.06822784810126,37.649835078451524
2020-05-04,0.00026128298915545687,-5.094090262779106e-05,0.23569620253164486,1.509242196961097,235.47278481012657,0.954623615867233,100.0,1.2658227848101267,0.001455696202531401,1.1005616724231693,0.0010149328697643832,0.00653210519058725,419.0,5.30379746835443,175.0,2.2151898734177213,235.35493670886078,1.5004673403752051,235.5906329113924,0.84268396267772
2020-05-05,0.00022605589307916267,-3.52270960762942e-05,-2.8846835443037966,26.157023513107113,239.26056962025316,14.035366797691179,-30.0,-0.379746835443038,0.016772151898734215,20.039402452802037,-0.025077853636682402,0.2250448829370374,364.0,4.6075949367088604,156.0,1.9746835443037976,240.70291139240504,1.134073836399999,237.81822784810126,27.107044441577838
2020-05-06,0.000126622424775155,-9.943346830400767e-05,0.14898734177215162,0.5237208958603756,238.63462025316454,0.5337018591464181,-70.0,-0.8860759493670886,-0.005696202531645783,0.3266062223420934,0.0006247906763596218,0.0021968510873136386,226.0,2.8607594936708862,215.0,2.721518987341772,238.56012658227849,0.6161948860690593,238.70911392405063,0.5719449271349683
2020-05-07,0.00020359215568243406,7.696973090727906e-05,0.264936708860761,1.2015501455840836,239.9648734177215,0.7210977985360634,19.0,0.24050632911392406,0.007658227848101134,0.6443844386476008,0.0011084510381174151,0.005051766999100023,313.0,3.962025316455696,323.0,4.0886075949367084,239.8324050632911,1.0636815785219063,240.09734177215188,0.7939817036914741
2020-05-08,0.0001885182994155746,-1.507385626685947e-05,-2.883417721518984,26.109268512771276,240.93981012658227,14.242415355402093,-399.0,-5.050632911392405,0.05683544303797461,20.24641047922042,-0.025096142733283963,0.2250427189643338,200.0,2.5316455696202533,974.0,12.329113924050633,242.38151898734176,1.253173498340333,239.49810126582275,27.294125698227436
2020-05-11,0.0001420857299111486,-4.643256950442599e-05,-2.8488607594936712,27.31412563019183,241.0513924050633,13.691840657868266,363.0,4.594936708860759,-0.012784810126582342,19.541951828002528,-0.024421006302294736,0.22519932501075543,303.0,3.8354430379746836,332.0,4.2025316455696204,242.47582278481013,1.1014030767266474,239.62696202531643,27.326738589418916
2020-05-12,0.00012285737920754056,-1.922835070360804e-05,0.05063291139240358,0.023930549735556115,238.91708860759493,27.254723027625154,17.0,0.21518987341772153,-0.05702531645569615,38.86578769170628,0.00021194179644471185,9.669226852900073e-05,263.0,3.329113924050633,235.0,2.9746835443037973,238.89177215189875,27.251852995548933,238.94240506329115,27.257598009907582
2020-05-13,0.00031572388486777965,0.00019286650566023908,0.07050632911392644,0.04551412105972147,233.76069620253165,1.6210464201458066,3.0,0.0379746835443038,-0.06512658227848114,0.4656887473544219,0.000301791746762372,0.0001955239473824742,316.0,4.0,291.0,3.6835443037974684,233.7254430379747,1.6239432836094878,233.7959493670886,1.6184643869304784
2020-05-14,0.0003941433477367594,7.841946286897973e-05,-2.841518987341772,25.82124394154428,231.58594936708863,13.474342904770987,-2.0,-0.02531645569620253,0.048481012658227816,18.356380612788506,-0.02504717630272916,0.22504841485542829,281.0,3.5569620253164556,275.0,3.481012658227848,233.0067088607595,2.0916505085813677,230.16518987341772,26.30796744191813
2020-05-15,0.0002985665549572757,-9.557679277948366e-05,0.07518987341772432,0.11634234142803919,235.61329113924052,0.81379094133726,-528.0,-6.6835443037974684,0.002721518987341463,0.45714820961766467,0.00031898937621105026,0.000492244255837225,330.0,4.177215189873418,1439.0,18.21518987341772,235.57569620253165,0.811092462945467,235.6508860759494,0.8206145131318674
2020-05-18,0.0008784876540651692,0.0005799210991078935,0.05227848101265956,0.02693531506522917,245.3055063291139,0.8469676661617822,313.0,3.962025316455696,0.11272151898734215,0.7974337033243992,0.00021317630751458105,0.00010999463473769536,263.0,3.329113924050633,702.0,8.886075949367088,245.2793670886076,0.8491418621054595,245.33164556962026,0.8450025495026836
2020-05-19,0.00020268182980809853,-0.0006758058242570706,-2.9698734177215185,26.870867433903914,243.40392405063292,14.155081439478206,235.0,2.9746835443037973,-0.04670886075949382,20.074752798651637,-0.025101482235733746,0.22504211272072897,324.0,4.10126582278481,303.0,3.8354430379746836,244.8888607594937,1.0737365710234725,241.91898734177212,27.579004862717344
2020-05-20,0.00023908624576419888,3.6404415956100346e-05,-6.045189873417721,38.092891552394136,242.51512658227847,19.80848739961471,5.0,0.06329113924050633,0.04658227848101257,19.987973796829902,-0.05041856028615086,0.3162112456584111,325.0,4.113924050632911,243.0,3.0759493670886076,245.53772151898733,1.1109281743810138,239.4925316455696,38.84652337242016
2020-05-21,0.0001100251696407425,-0.00012906107612345636,3.766329113924051,28.383069943696306,244.13822784810125,13.51777984061046,-26.0,-0.3291139240506329,0.06189873417721538,19.172799815333295,0.027622515047734178,0.22494412293494512,265.0,3.3544303797468356,251.0,3.1772151898734178,242.25506329113927,27.612629722434086,246.02139240506327,2.408890442622284
2020-05-22,5.685866421653201e-05,-5.3166505424210485e-05,-15.192531645569622,58.984455002738976,236.28284810126584,30.337257523182824,-144.0,-1.8227848101265822,-0.07348101265822775,44.20969597470578,-0.12642255995349305,0.4901252219499666,233.0,2.949367088607595,520.0,6.582278481012659,243.87911392405064,1.1011790765583036,228.68658227848104,59.82531870940801
2020-05-25,0.0,-5.685866421653201e-05,0.0199999999999818,0.0,244.87,0.0,0.0,0.0,0.0,0.0,8.167599134227064e-05,0.0,790.0,10.0,12166.0,154.0,244.86000000000004,0.0,244.88,0.0
2020-05-26,0.0005693320394216336,0.0005693320394216336,0.07962025316455934,0.16355382582967773,251.1470253164557,0.46262387044412645,144.0,1.8227848101265822,0.06607594936708859,0.6706157096692393,0.0003172270776509014,0.000651464689635467,247.0,3.1265822784810124,271.0,3.430379746835443,251.10721518987344,0.4831598363467572,251.18683544303795,0.45604077725849973
2020-05-27,0.00027943099955532604,-0.00028990103986630754,6.54,56.739492306324756,236.97620253164555,55.03591744590346,-117.0,-1.481012658227848,0.07094936708860783,67.1563998710356,0.05335129437729023,0.4587711823669925,225.0,2.848101265822785,457.0,5.784810126582278,233.70620253164557,67.4358457959479,240.24620253164557,55.856925386199705
2020-05-28,0.0001262434966329557,-0.00015318750292237033,-5.661392405063295,38.5656742132629,253.1017088607595,21.542259108345032,138.0,1.7468354430379747,-0.016898734177214932,31.029563274232753,-0.048728462800641664,0.3168066043620844,267.0,3.3797468354430378,286.0,3.6202531645569622,255.93240506329113,4.840121373554939,250.27101265822785,40.60008243628541
2020-05-29,0.00025459981541877893,0.00012835631878582322,0.07620253164556935,0.12302077995688944,252.89164556962024,0.8901835454351257,-103.0,-1.3037974683544304,-0.0025949367088609044,0.44976693448790617,0.00030096310728643994,0.00048469464415729866,345.0,4.367088607594937,520.0,6.582278481012659,252.85354430379746,0.8789344335026449,252.92974683544304,0.9054804287674508
2020-06-01,5.346186188406803e-05,-0.0002011379535347109,-3.1826582278481013,28.70743782424646,250.07132911392404,31.898476238714505,75.0,0.9493670886075949,0.013544303797468444,45.66479086184832,-0.02545588654823913,0.2264766653037914,270.0,3.4177215189873418,310.0,3.9240506329113924,251.66265822784808,28.68118568110465,248.48,40.30475969220203
2020-06-02,7.804277095110842e-05,2.4580909067040393e-05,3.3065822784810117,28.93376662292586,251.87911392405064,32.12114703782101,9.0,0.11392405063291139,0.03398734177215121,45.91972527655405,0.025840754296568784,0.22643254674263083,320.0,4.050632911392405,293.0,3.7088607594936707,250.22582278481013,40.58709323732572,253.53240506329115,28.893000226529438
2020-06-03,0.00013150428344876422,5.34615124976558e-05,0.05518987341772165,0.0566785981291133,255.43012658227846,41.43905326960556,22.0,0.27848101265822783,0.06715189873417803,59.35599980843285,0.0002162128094270576,0.0002169937247850256,290.0,3.670886075949367,300.0,3.7974683544303796,255.4025316455696,41.434704810573585,255.45772151898734,41.44342065098858
2020-06-04,8.985915935638327e-05,-4.1645124092380955e-05,-3.207974683544303,29.641973634927037,257.99626582278484,32.907413682941225,-26.0,-0.3291139240506329,0.0017088607594942717,47.283985938254226,-0.025158654920875982,0.22651436046373846,263.0,3.329113924050633,296.0,3.7468354430379747,259.60025316455693,29.587915368145186,256.3922784810127,41.58935338827459
2020-06-05,0.0008339866974430868,0.0007441275380867035,-13.709240506329117,60.00295654622003,254.7676582278481,59.11734251835901,-32.0,-0.4050632911392405,0.10310126582278457,86.99368004713595,-0.10504635462662282,0.4496126502637098,227.0,2.8734177215189876,295.0,3.7341772151898733,261.62227848101264,52.31858859612601,247.91303797468356,77.7988628279299
2020-06-08,0.00011744383896158478,-0.000716542858481502,-24.250126582278483,78.44031669567062,251.87227848101264,63.82626381886456,14.0,0.17721518987341772,0.06025316455696191,93.27234305742654,-0.18402872998330214,0.5822501668731639,168.0,2.1265822784810124,258.0,3.2658227848101267,263.9973417721519,52.78907464445263,239.7472151898734,91.85498977187665
2020-06-09,0.00020022274621942236,8.277890725783758e-05,-23.919240506329114,77.70504773182704,261.6743037974684,39.51591628158445,20.0,0.25316455696202533,-0.03588607594936647,58.61544969916697,-0.17670090882570103,0.5721502216724966,232.0,2.9367088607594938,247.0,3.1265822784810124,273.6339240506329,1.2267012443442364,249.7146835443038,78.36164689888966
2020-06-10,0.00021360359655260244,1.3380850333180073e-05,13.882531645569621,74.25037118906363,261.5149367088608,36.16229548050039,10.0,0.12658227848101267,-0.03696202531645626,53.15050308164423,0.10156953843820077,0.5452008365157025,263.0,3.329113924050633,230.0,2.911392405063291,254.57367088607594,66.60017760385219,268.4562025316456,30.600627164001892
2020-06-11,0.0011626459103296562,0.0009490423137770538,0.20164556962025362,57.99258231591037,237.80727848101267,62.262674123207525,-5.0,-0.06329113924050633,-0.2332278481012656,87.49210396254954,0.0002876394561717092,0.4649906058992626,224.0,2.8354430379746836,220.0,2.7848101265822787,237.70645569620254,68.6545462860137,237.9081012658228,68.71247524315285
2020-06-12,0.001305280948270899,0.0001426350379412427,0.7781012658227834,2.587058063807459,255.18259493670885,2.152311795393383,-8.0,-0.10126582278481013,0.05822784810126611,1.8954016619809644,0.0030695569940399165,0.010235175979563613,187.0,2.367088607594937,203.0,2.569620253164557,254.79354430379746,2.7612534491045073,255.57164556962024,2.233115812434061
2020-06-15,0.0011743950870759924,-0.00013088586119490648,-15.724430379746837,61.741827980938346,247.16740506329117,31.84000735710478,37.0,0.46835443037974683,0.02196202531645515,45.980726344193016,-0.12577248584871362,0.49030642187697837,272.0,3.4430379746835444,206.0,2.607594936708861,255.02962025316455,2.8893444572090834,239.30518987341773,62.65181950129192
2020-06-16,0.0010348025157198928,-0.0001395925713560996,0.1637974683544296,0.43056999727989637,263.9184810126582,1.175913816621788,-34.0,-0.43037974683544306,0.06772151898734206,1.012387631456385,0.0006194872292398456,0.001623465814423021,198.0,2.5063291139240507,228.0,2.8860759493670884,263.836582278481,1.160598746973665,264.00037974683545,1.2293300687960576
2020-06-17,0.00010940411995082594,-0.0009253983957690668,-3.2573417721518987,29.696174350383274,251.69069620253168,52.45616903378853,28.0,0.35443037974683544,-0.023987341772151664,76.04596595522962,-0.02598910598425867,0.2294540627276342,250.0,3.1645569620253164,213.0,2.6962025316455698,253.31936708860758,50.65608117344548,250.0620253164557,58.12221748244189
2020-06-18,0.0001740916041811247,6.468748423029876e-05,-3.1586075949367105,28.583743799138933,259.39272151898734,15.094251342419106,39.0,0.4936708860759494,-0.0053164556962027355,21.434350311964383,-0.02509974230676097,0.22504239308626586,315.0,3.9873417721518987,190.0,2.4050632911392404,260.9720253164557,0.9335627644932625,257.813417721519,29.382248255169323
2020-06-19,0.0003200801364733343,0.0001459885322922096,-3.2612658227848086,29.58277952679559,258.90493670886076,14.62992659720248,71.0,0.8987341772151899,-0.03518987341772081,21.05005130396083,-0.025062312255344183,0.2250466373832457,678.0,8.582278481012658,419.0,5.30379746835443,260.53556962025317,1.767099424622524,257.27430379746835,29.36864461237635
2020-06-22,0.00011547485354372616,-0.00020460528292960814,3.3320253164557,29.107522746892926,257.72664556962025,14.644755487307572,-138.0,-1.7468354430379747,0.019936708860759347,20.73850161015507,0.025534095842158003,0.2249928876018687,207.0,2.6202531645569622,184.0,2.329113924050633,256.0606329113924,29.188468321027415,259.39265822784813,0.7713519747001429
2020-06-23,0.00013244595490597823,1.697110136225207e-05,-3.2617721518987337,51.37777102788301,254.11227848101265,38.40315506701164,-12.0,-0.1518987341772152,0.016582278481010886,55.47969124006101,-0.025411831566647135,0.3939417652289084,326.0,4.1265822784810124,330.0,4.177215189873418,255.743164556962,41.48172908100019,252.48139240506327,50.48473500523868
2020-06-24,0.00035843645354827723,0.000225990498642299,-3.1301265822784816,28.47194595376347,250.54531645569622,32.052389219935904,-41.0,-0.5189873417721519,-0.08753164556961979,45.73875396227385,-0.02535432103139563,0.22648850576908028,324.0,4.10126582278481,435.0,5.506329113924051,252.11037974683546,28.763087431148495,248.98025316455696,40.40695440190525
2020-06-25,0.00023072595056968716,-0.00012771050297859007,0.24025316455696438,1.0845759831801294,251.76506329113923,28.71163416132721,38.0,0.4810126582278481,0.03481012658227848,40.776550957337065,0.0009451584356846129,0.004225223297655898,264.0,3.3417721518987342,311.0,3.9367088607594938,251.64493670886077,28.69259798558871,251.88518987341772,28.740891527522585
2020-06-26,0.00021903184985700124,-1.1694100712685912e-05,6.62886075949367,40.968906314215026,248.73405063291142,19.36053950158092,-76.0,-0.9620253164556962,-0.09069620253164529,27.387002388534608,0.05089593896878046,0.3161338528656214,317.0,4.012658227848101,507.0,6.417721518987341,245.41962025316457,39.82448272373314,252.04848101265824,1.7021156432793934
2020-06-29,0.00013201739467662467,-8.701445518037658e-05,0.4698734177215187,1.2313683171535013,254.28759493670887,0.9600774076562895,128.0,1.620253164556962,0.07341772151898712,0.6078179469257206,0.0018472732281201284,0.004839235828803416,304.0,3.848101265822785,201.0,2.5443037974683542,254.0526582278481,1.124561121072386,254.52253164556961,1.1562843545603771
2020-06-30,0.00011795354318180107,-1.4063851494823602e-05,-3.120379746835442,49.87212004262753,244.76132911392406,46.78746319253545,-38.0,-0.4810126582278481,0.022784810126582417,64.86679467771467,-0.025695840900028816,0.39651729337737396,219.0,2.7721518987341773,234.0,2.962025316455696,246.3215189873418,49.257633225688274,243.2011392405063,56.52816264272539
2020-07-01,0.00016434107659047445,4.638753340867338e-05,0.05012658227848358,0.027103489740589723,255.13227848101266,29.07766923168182,47.0,0.5949367088607594,-0.006012658227847671,41.35277177622754,0.00019639477027716664,0.00010292452703102865,346.0,4.379746835443038,247.0,3.1265822784810124,255.10721518987344,29.074725826549024,255.1573417721519,29.080618654092827
2020-07-02,0.00035302515229626845,0.000188684075705794,0.05936708860759558,0.06733654039364173,259.9529746835443,0.7959853267344408,-65.0,-0.8227848101265823,0.014493670886075727,0.5486239166154757,0.00022849244216368767,0.0002601169327184004,264.0,3.3417721518987342,351.0,4.443037974683544,259.92329113924046,0.8015525344188635,259.9826582278481,0.7918117959185922
2020-07-03,0.0,-0.00035302515229626845,0.0399999999999636,0.0,258.49,0.0,0.0,0.0,0.0,0.0,0.0001547448644046,0.0,2291.0,29.0,3792.0,48.0,258.47,0.0,258.51,0.0
2020-07-06,0.00022293724616350197,0.00022293724616350197,0.04620253164557148,41.940003983217515,258.6723417721519,20.717673039619257,31.0,0.3924050632911392,0.056392405063290935,29.664612529036855,0.0001883635573969699,0.3202563648033039,319.0,4.037974683544304,319.0,4.037974683544304,258.64924050632914,29.4754597959897,258.69544303797466,29.480895326029
2020-07-07,9.364752879609851e-05,-0.00012928971736740348,0.0502531645569652,0.04141641825889669,257.5395569620253,29.35296104171749,-16.0,-0.20253164556962025,-0.048544303797468095,41.81040773502653,0.00019520379275829564,0.00015907699941555126,204.0,2.5822784810126582,220.0,2.7848101265822787,257.51443037974684,29.350191706307715,257.5646835443038,29.355744723920857
2020-07-08,7.718211729885587e-05,-1.6465411497242638e-05,-3.2564556962025293,50.94135497070349,254.71379746835441,24.91738115194443,231.0,2.9240506329113924,0.021645569620253262,36.07453788748854,-0.02508156492079473,0.3914193638964783,727.0,9.20253164556962,274.0,3.4683544303797467,256.3420253164557,29.219069922356457,253.08556962025315,41.054945413927946
2020-07-09,0.00015293461782385658,7.575250052500071e-05,0.27215189873417645,1.2583757040440684,254.20240506329117,28.99413804437691,-234.0,-2.962025316455696,-0.09518987341772128,41.010939897905764,0.0010836283912508406,0.004999076893318797,243.0,3.0759493670886076,244.0,3.088607594936709,254.06632911392407,29.00010456113842,254.33848101265824,29.001823598216557
2020-07-10,0.00011337743855080026,-3.955717927305632e-05,-3.0451898734177223,29.27720430557989,257.57867088607594,14.619560695916187,6.0,0.0759493670886076,0.0956962025316456,20.787910236699787,-0.024367251539845883,0.2252103958872635,230.0,2.911392405063291,240.0,3.037974683544304,259.1012658227848,1.9055851561676875,256.0560759493671,29.19604769606806
2020-07-13,0.00019628102007465816,8.29035815238579e-05,3.7558227848101264,29.698661180546683,263.00487341772157,15.006518689852724,5.0,0.06329113924050633,0.08860759493670886,21.20822711579934,0.026881114214194608,0.2249862831111036,290.0,3.670886075949367,317.0,4.012658227848101,261.12696202531646,29.78784093511081,264.8827848101266,2.0201427575277906
2020-07-14,0.0001545054121723676,-4.177560790229057e-05,0.07544303797468539,0.12167419156589895,260.5274683544304,29.71812806716286,-63.0,-0.7974683544303798,-0.016898734177215657,41.84122863464073,0.0002895606460394313,0.000461824238129332,271.0,3.430379746835443,405.0,5.1265822784810124,260.48974683544304,29.713867736000346,260.56518987341775,29.72251231145359
2020-07-15,0.00030201995566539144,0.00014751454349302384,-3.333037974683544,30.22068307507593,263.55778481012663,33.63206899049336,57.0,0.7215189873417721,0.02949367088607647,47.95508773304386,-0.025391464273333168,0.2264840830697429,285.0,3.607594936708861,345.0,4.367088607594937,265.2243037974684,30.232110187151374,261.8912658227848,42.48407331643985
2020-07-16,9.708350162005034e-05,-0.0002049364540453411,0.6802531645569593,3.8040022697705296,267.4743037974684,0.5631935804747618,2.0,0.02531645569620253,-0.017848101265823108,0.2973253457852984,0.0025434726220763064,0.014223499485296956,290.0,3.670886075949367,289.0,3.6582278481012658,267.1341772151899,1.9877345741881374,267.81443037974685,1.9795206275668527
2020-07-17,2.6193629943220022e-05,-7.088987167683032e-05,-6.700632911392406,60.07848113716036,256.84196202531643,41.51762760793115,-26.0,-0.3291139240506329,-0.009113924050632539,60.49520624025474,-0.051079874892831126,0.45293408187322076,361.0,4.569620253164557,421.0,5.329113924050633,260.19227848101264,42.2024692724334,253.49164556962026,58.91595997321164
2020-07-20,3.584801187740974e-05,9.654381934189719e-06,3.412025316455695,52.14690853928428,258.03525316455693,39.00397948877432,13.0,0.16455696202531644,0.0006329113924037681,56.41887206631583,0.025835819245868568,0.393913795947135,373.0,4.7215189873417724,387.0,4.89873417721519,256.3292405063291,51.25573398247693,259.74126582278484,42.132180111421405
2020-07-21,0.00010470251871142551,6.885450683401577e-05,0.05329113924050601,0.023789758569351754,266.1129746835443,30.32795641114439,26.0,0.3291139240506329,0.020632911392405005,43.07118444763845,0.00020025881587911598,8.58576691752469e-05,331.0,4.189873417721519,339.0,4.291139240506329,266.086329113924,30.324923369688413,266.13962025316454,30.330993814106705
2020-07-22,3.4129338953078385e-05,-7.057317975834713e-05,-3.331898734177209,30.24253021041849,267.38607594936707,15.1624809947856,27.0,0.34177215189873417,0.020632911392405005,21.511544491020615,-0.02505734904635448,0.22504728158724377,353.0,4.468354430379747,270.0,3.4177215189873418,269.0520253164557,0.36720838681988643,265.72012658227845,30.281547757655254
2020-07-23,6.998593651983147e-05,3.585659756675308e-05,-3.3443037974683527,30.274130222469434,263.0007594936709,33.54967024837573,-23.0,-0.2911392405063291,-0.04303797468354401,48.14865532788174,-0.0254103825975057,0.22648197998933878,340.0,4.30379746835443,302.0,3.8227848101265822,264.67291139240507,30.186836881367753,261.32860759493667,42.40491842947833
2020-07-24,7.800344519960269e-05,8.017508679771226e-06,0.06569620253164549,0.06591921132182717,258.38094936708865,41.909874991981994,-17.0,-0.21518987341772153,-0.02354430379746853,60.02211774043039,0.0002542988213478039,0.00024894831363323237,373.0,4.7215189873417724,362.0,4.582278481012659,258.3481012658228,41.90459087131358,258.4137974683544,41.915184363976586
2020-07-27,2.691953207502574e-05,-5.1083913124576953e-05,10.15632911392405,51.14453193263424,257.1660126582279,38.84580402859546,20.0,0.25316455696202533,0.01430379746835437,56.28224236470001,0.07714125231113289,0.3870610359784198,375.0,4.746835443037975,310.0,3.9240506329113924,252.08784810126582,58.589935572913625,262.2441772151899,29.884678417577774
2020-07-28,4.2614800996649754e-05,1.5695268921624015e-05,0.04886075949366672,42.39716375937593,261.5113924050633,20.947320019159253,-13.0,-0.16455696202531644,-0.025316455696202528,29.93356374841831,0.00018068924351026836,0.3202563704249845,259.0,3.278481012658228,279.0,3.5316455696202533,261.4869620253165,29.799444942104444,261.53582278481014,29.804920072570134
2020-07-29,3.1561231226563956e-05,-1.1053569770085798e-05,3.401265822784807,29.7560214706497,259.7646835443038,33.146365672127125,-120.0,-1.518987341772152,0.01949367088607512,47.350520267597275,0.025842918304849676,0.22643241224115054,315.0,3.9873417721518987,539.0,6.822784810126582,258.0640506329114,41.85894370379411,261.46531645569615,29.79769040419431
2020-07-30,0.0002173510927223554,0.00018578986149579143,0.05544303797468128,0.04551126849345767,262.5173417721519,0.8935978973828724,60.0,0.759493670886076,-0.02810126582278444,0.43614666419758646,0.00021125380552162868,0.00017321666734952963,284.0,3.5949367088607596,405.0,5.1265822784810124,262.48962025316456,0.8959816891415443,262.54506329113923,0.8917885707482913
2020-07-31,7.939009373842955e-05,-0.00013796099898392584,0.6531645569620235,3.754371313516194,255.1888607594937,41.40023817710945,53.0,0.6708860759493671,0.00803797468354418,59.28601373533847,0.002541281714968755,0.014408659338139958,309.0,3.911392405063291,274.0,3.4683544303797467,254.86227848101265,41.374796178888076,255.5154430379747,41.51064123063054
2020-08-03,4.842328185163997e-05,-3.096681188678958e-05,3.432151898734175,29.96442312146643,264.87189873417725,15.010458646706489,0.0,0.0,0.03537974683544252,21.32529119908422,0.025542105369425704,0.22499197601941923,176.0,2.2278481012658227,213.0,2.6962025316455698,263.15582278481014,29.989900761952885,266.5879746835443,0.40855398459103576
2020-08-04,2.6562886200921668e-05,-2.18603956507183e-05,0.04670886075949144,0.03778215285457336,264.088670886076,30.096975907684335,-17.0,-0.21518987341772153,0.02189873417721542,42.85538696431766,0.0001768852391358077,0.00014061128577266686,352.0,4.455696202531645,337.0,4.265822784810126,264.0653164556962,30.094340375807903,264.1120253164557,30.099623065181706
2020-08-05,7.237256881898976e-05,4.580968261806809e-05,0.05696202531645498,43.47803843953658,264.47822784810126,36.98174103386884,33.0,0.4177215189873418,0.04620253164556933,53.26136598462528,0.00020034986434414736,0.3223292615134676,347.0,4.3924050632911396,323.0,4.0886075949367084,264.449746835443,42.89334103404969,264.5067088607595,42.90255875823603
2020-08-06,3.2913909103719694e-05,-3.9458659715270064e-05,-3.3973417721519006,30.629267623482693,267.55259493670883,34.14972331476268,26.0,0.3291139240506329,0.024303797468354628,48.7072075283958,-0.025462371100047704,0.22647593203222732,358.0,4.531645569620253,309.0,3.911392405063291,269.2512658227848,30.688021189561834,265.8539240506329,43.124570467358375
2020-08-07,6.199754306177809e-05,2.9083633958058398e-05,-3.4081012658227876,30.75911409964113,271.7564556962026,15.398716753725726,-157.0,-1.9873417721518987,0.007974683544303734,21.910451500324424,-0.025126760310931567,0.22503928227875272,300.0,3.7974683544303796,532.0,6.734177215189874,273.4605063291139,0.4042146508153771,270.05240506329113,30.775625354107504
2020-08-10,6.602889127290506e-05,4.031348211126968e-06,0.05126582278481166,0.057185417914628035,277.27803797468357,0.5311353452272375,96.0,1.2151898734177216,0.045886075949367805,0.2519497806768767,0.00018488667330880123,0.00020587510335130506,317.0,4.012658227848101,377.0,4.772151898734177,277.2524050632911,0.5316404587781772,277.30367088607596,0.5321682238733185
2020-08-11,0.00022582002405633993,0.00015979113278343486,0.5497468354430417,2.203440767785071,280.34727848101267,1.3179351559542634,19.0,0.24050632911392406,-0.013227848101266738,1.1619446669089382,0.0019782951418887617,0.007935371335403132,316.0,4.0,303.0,3.8354430379746836,280.07240506329117,2.07801323703852,280.6221518987342,1.258309479365773
2020-08-12,0.00011121777770727841,-0.00011460224634906152,-6.948860759493674,43.77329539469394,276.1474683544304,22.34512435882077,-6.0,-0.0759493670886076,0.03607594936708925,31.9134280843773,-0.050421593163251704,0.3162107663007512,286.0,3.6202531645569622,335.0,4.2405063291139244,279.62189873417725,0.7551448764876436,272.6730379746835,44.227701910605866
2020-08-13,3.788149602824134e-05,-7.333628167903707e-05,0.0468354430379774,44.76863461158263,275.93113924050635,22.08401855660714,6.0,0.0759493670886076,-0.008417721518986879,31.672090758919293,0.0001685022317400793,0.3202563167011125,279.0,3.5316455696202533,279.0,3.5316455696202533,275.90772151898733,31.4419217520163,275.9545569620253,31.447235653550184
2020-08-14,4.559186800549775e-05,7.71037197725641e-06,0.1453164556962085,44.77187752961425,265.27620253164554,57.45248155368403,15.0,0.189873417721519,0.004556962025316634,83.75512944563485,0.0004993808791441902,0.3266128500029582,367.0,4.6455696202531644,347.0,4.3924050632911396,265.2035443037975,61.63940102784688,265.3488607594937,61.67998073155071
2020-08-17,1.660617512672296e-05,-2.898569287877479e-05,0.03936708860759076,0.03756504690676754,272.02348101265824,44.12125347902677,-30.0,-0.379746835443038,-0.00993670886076053,63.20694689330331,0.0001447008143040798,0.00013433102563360595,298.0,3.7721518987341773,279.0,3.5316455696202533,272.00379746835443,44.11804849880683,272.04316455696204,44.124466221636816
2020-08-18,3.30960805403983e-05,1.648990541367534e-05,0.034430379746832156,0.02194087833614957,257.30227848101265,74.23852192986948,23.0,0.2911392405063291,-0.008481012658228768,99.74834808205594,0.00013380714112973442,7.31019642810264e-05,369.0,4.670886075949367,323.0,4.0886075949367084,257.28506329113924,74.23355267845649,257.3194936708861,74.2434924697062
2020-08-19,3.3077282690403396e-05,-1.8797849994905275e-08,0.035063291139239526,44.72059962080854,268.2163924050633,48.748254820417436,6.0,0.0759493670886076,-0.009936708860759088,70.62926011428135,0.000137432957560055,0.32444284995858613,353.0,4.468354430379747,299.0,3.7848101265822787,268.19886075949364,53.628367923342495,268.2339240506329,53.635332246324765
2020-08-20,4.2365112515091955e-05,9.287829824688559e-06,-3.4710126582278478,31.215692535963985,261.65487341772155,62.784820403188995,-7.0,-0.08860759493670886,0.005696202531644709,91.56285174863449,-0.026512895359694425,0.23095812553112127,338.0,4.2784810126582276,333.0,4.215189873417722,263.39037974683544,61.21775719517817,259.9193670886076,67.99605341755887
2020-08-21,3.4411290444394724e-05,-7.95382207069723e-06,3.5584810126582243,31.27068234922567,273.2178481012658,34.87105222287503,-7.0,-0.08860759493670886,0.017911392405062832,49.98225582969802,0.02578554664653262,0.22643886238313857,327.0,4.139240506329114,368.0,4.658227848101266,271.43860759493674,44.02961330782218,274.99708860759495,31.341689576627633
2020-08-24,6.439100264438065e-05,2.9979712199985922e-05,0.045949367088610374,0.03156267624339395,271.2031012658228,54.22859699093272,30.0,0.379746835443038,0.049050632911393124,78.18561420926137,0.00016952202758772406,0.00010959629301519946,400.0,5.063291139240507,331.0,4.189873417721519,271.1801265822785,54.22407225137404,271.2260759493671,54.23312594521018
2020-08-25,3.143255143272286e-05,-3.2958451211657784e-05,-6.805569620253167,44.15896438151937,278.4441772151899,22.55175093308012,-139.0,-1.759493670886076,-0.008291139240506704,32.296800001108274,-0.049728112019425806,0.31636497466231633,336.0,4.253164556962025,552.0,6.987341772151899,281.84696202531643,1.1081983003498919,275.0413924050633,44.61997203547541
2020-08-26,2.580133892346372e-05,-5.631212509259143e-06,0.03898734177214879,45.15854809034545,257.6207594936709,77.62471176332221,63.0,0.7974683544303798,0.010126582278479715,115.33008435649427,0.00013908527766510011,0.33333334195713943,502.0,6.3544303797468356,527.0,6.670886075949367,257.6012658227848,80.83583454814516,257.64025316455695,80.8480478329355
2020-08-27,8.357116520415838e-05,5.776982628069466e-05,7.284303797468352,45.17612847294422,281.883164556962,22.548370047084692,111.0,1.4050632911392404,0.02151898734177201,32.37992699222886,0.05080276145331601,0.3161489039860334,455.0,5.7594936708860756,303.0,3.8354430379746836,278.2410126582279,45.132812715105196,285.5253164556962,0.5731421165395117
2020-08-28,2.00532392388066e-05,-6.351792596535178e-05,-3.5706329113924,32.172980037075874,277.09658227848104,47.745997453030654,48.0,0.6075949367088608,0.02132911392405066,68.67813053597148,-0.025800263051893035,0.22794133230016597,551.0,6.974683544303797,266.0,3.367088607594937,278.8818987341772,45.236136538310724,275.31126582278483,55.05091115403968
2020-08-31,6.062490768196565e-05,4.057166844315905e-05,10.94759493670886,55.19387355019437,279.4836708860759,27.196668368132755,-88.0,-1.1139240506329113,-0.031329113924050564,39.17398448038931,0.07612480683039731,0.38467772753522367,455.0,5.7594936708860756,442.0,5.594936708860759,274.0098734177215,54.78910429988587,284.9574683544304,0.8083498042537018
2020-09-01,3.013167090127458e-05,-3.049323678069107e-05,-7.050886075949367,64.32716127274645,274.5691139240506,44.35842834490923,-13.0,-0.16455696202531644,0.03265822784810143,64.61480270108115,-0.05059891231889099,0.45301160327717915,365.0,4.620253164556962,393.0,4.974683544303797,278.0945569620253,45.116847009693316,271.043670886076,62.99843081434476
2020-09-02,5.2385594946570756e-05,2.2253924045296177e-05,-13.81189873417721,61.83117210424275,278.20291139240504,45.791469950868354,-15.0,-0.189873417721519,-0.01848101265822831,66.64819036608085,-0.10134528835169054,0.44433294606291823,283.0,3.5822784810126582,326.0,4.1265822784810124,285.10886075949367,32.67336737872268,271.2969620253164,70.97686543198299
2020-09-03,0.00039375865619153624,0.0003413730612449655,-3.46481012658228,56.63225059394409,279.84050632911396,27.19014604683168,7.0,0.08860759493670886,-0.021202531645569032,32.552929426405036,-0.02452667094234415,0.39147627552627473,268.0,3.392405063291139,260.0,3.2911392405063293,281.57291139240505,32.22538075014862,278.10810126582277,45.20772968499596
2020-09-04,0.00042294599057096036,2.9187334379424123e-05,-3.4148101265822812,55.09091604259456,264.7895569620253,59.426637978298636,-20.0,-0.25316455696202533,-0.025189873417721633,86.83266761806075,-0.02602179052170398,0.39914153857979434,218.0,2.759493670886076,248.0,3.1392405063291138,266.49696202531646,61.969202531961464,263.0821518987342,68.85036714184153
2020-09-07,0.0,-0.00042294599057096036,0.0200000000000386,0.0,281.72,0.0,0.0,0.0,0.0,0.0,7.099247479780864e-05,0.0,79.0,1.0,1343.0,17.0,281.71,0.0,281.73,0.0
2020-09-08,0.00045769358770698205,0.00045769358770698205,0.06670886075949338,0.035688162189729006,273.565253164557,31.18551548743642,80.0,1.0126582278481013,-0.07873417721519094,44.36371945075564,0.00024377360571623737,0.00012648263499571736,363.0,4.594936708860759,219.0,2.7721518987341773,273.5318987341772,31.181624399552078,273.5986075949367,31.18941629883434
2020-09-09,0.00014787432734390934,-0.0003098192603630727,3.6434177215189893,31.755674432804067,271.9455063291139,46.836417287787164,73.0,0.9240506329113924,0.05449367088607603,67.52816432173631,0.02622901677792848,0.22789196345589827,684.0,8.658227848101266,445.0,5.632911392405063,270.12379746835444,54.0233114997068,273.7672151898734,44.418388226704344
2020-09-10,0.0002855502397161836,0.00013767591237227427,-3.0903797468354437,31.497044975070846,277.17303797468355,15.813269793114301,-129.0,-1.6329113924050633,0.037025316455696344,22.398863903752755,-0.023758396921288397,0.22532821121488972,269.0,3.4050632911392404,228.0,2.8860759493670884,278.71822784810126,1.8832240218971903,275.6278481012658,31.50562475914119
2020-09-11,0.0001324625371657537,-0.0001530877025504299,0.08974683544303977,0.03899292123609148,273.5456329113924,31.18241432371498,15.0,0.189873417721519,-0.07094936708860783,44.54360488989578,0.00032814515750992184,0.0001368510814488928,273.0,3.4556962025316458,214.0,2.7088607594936707,273.5007594936709,31.177376115816024,273.59050632911396,31.187463905687316
2020-09-14,9.565016815362981e-05,-3.68123690121239e-05,3.6277215189873386,31.595599577958403,271.76854430379746,46.81767569828387,-66.0,-0.8354430379746836,0.042594936708860866,67.45892412053787,0.02623733787747693,0.22789090495457606,258.0,3.2658227848101267,363.0,4.594936708860759,269.95468354430375,53.97900557779667,273.5824050632911,44.37564003771549
2020-09-15,8.95280480908433e-05,-6.122120062786502e-06,7.2025316455696204,63.2991839066839,270.8618987341772,43.80258726189319,39.0,0.4936708860759494,0.0006962025316456541,63.81674549519767,0.051492897922544204,0.45288669155451916,307.0,3.8860759493670884,306.0,3.8734177215189876,267.2606329113924,62.11833721877187,274.463164556962,44.52009461437131
2020-09-16,5.804062898207725e-05,-3.1487419108766055e-05,4.280886075949366,31.94712114111072,266.2234810126582,63.88095196492573,4.0,0.05063291139240506,0.01689873417721493,93.19830818352693,0.029304353276197636,0.2310929274129898,249.0,3.151898734177215,250.0,3.1645569620253164,264.0830379746836,69.11842713878522,268.36392405063293,62.40596407678622
2020-09-17,0.0002558207589565689,0.00019778012997449164,14.9053164556962,90.51692888605247,261.7373417721519,50.909299461781906,52.0,0.6582278481012658,-0.028670886075949194,76.10001242759452,0.10280037567252026,0.6363012997053118,336.0,4.253164556962025,242.0,3.0632911392405062,254.28468354430382,79.7985491455321,269.19,53.96630712887631
2020-09-18,0.00010416497696398985,-0.00015165578199257903,0.11772151898734329,0.2929249022823954,270.3746835443038,43.86771550560415,-52.0,-0.6582278481012658,-3.5394303797468356,31.12935694958137,0.0004346784617632843,0.0010639481854336063,276.0,3.4936708860759493,272.0,3.4430379746835444,270.3158227848101,43.85778408258742,270.4335443037975,43.87813356588424
2020-09-21,0.000516279829214163,0.0004121148522501731,0.035822784810132825,43.23585538995991,258.76993670886077,47.01796233065308,-40.0,-0.5063291139240507,3.435443037974683,67.92048843198687,0.0002492286466086566,0.3244428698484699,216.0,2.7341772151898733,310.0,3.9240506329113924,258.7520253164557,51.74640124684374,258.78784810126587,51.752846463792096
2020-09-22,8.453872078467833e-05,-0.0004317411084294846,0.05367088607594728,0.050994650679489606,264.68772151898736,42.93825428029654,-13.0,-0.16455696202531644,0.017531645569620856,61.520072130312556,0.00020272689504787235,0.00018660057594849783,341.0,4.3164556962025316,505.0,6.3924050632911396,264.66088607594935,42.93387080179605,264.7145569620253,42.9426524504564
2020-09-23,0.00014203759763380043,5.7498876849122104e-05,0.06316455696202179,0.09175698539463421,267.6643670886076,30.566796332880983,53.0,0.6708860759493671,-0.06544303797468302,43.66364159753067,0.00023648072826600044,0.00034411775952900974,289.0,3.6582278481012658,336.0,4.253164556962025,267.6327848101266,30.563813987765677,267.6959493670886,30.5698472404606
2020-09-24,0.00021907456260259178,7.703696496879134e-05,0.1882278481012651,1.1434481808509978,268.37120253164557,1.3237866275869965,-7.0,-0.08860759493670886,0.005886075949366772,0.8268265558879881,0.000694221081892114,0.004196255949362377,459.0,5.810126582278481,457.0,5.784810126582278,268.2770886075949,1.2447017477155158,268.46531645569615,1.6153255093435488
2020-09-25,0.00012990794467170324,-8.916661793088854e-05,3.478734177215189,52.71129984842419,260.95063291139246,39.47283119005261,-77.0,-0.9746835443037974,0.04487341772151919,57.03495784174312,0.025863721921181703,0.3939120146920309,316.0,4.0,461.0,5.8354430379746836,259.2112658227848,51.84764122832642,262.69,42.62946714692512
2020-09-28,0.00030295011459339604,0.0001730421699216928,-3.435316455696206,31.03515826117225,274.6134810126582,15.58720909613668,8.0,0.10126582278481013,0.05392405063291128,22.08508978507152,-0.025114914889149662,0.2250405684107792,364.0,4.6075949367088604,502.0,6.3544303797468356,276.33113924050633,0.5032203660164912,272.89582278481015,31.100795298908398
2020-09-29,6.379306329143397e-05,-0.00023915705130196207,-3.4125316455696235,82.16842587914968,262.4890506329114,39.30123542355783,76.0,0.9620253164556962,-0.01892405063291145,58.147187905585696,-0.02510260735716873,0.5986120487901683,416.0,5.265822784810126,444.0,5.620253164556962,264.19531645569623,52.82990173686467,260.7827848101266,60.6135364406146
2020-09-30,0.00019251659881838203,0.00012872353552694806,7.072025316455697,62.588468430381724,257.2204430379747,67.205580216982,5.0,0.06329113924050633,0.0398734177215187,89.09635684577063,0.05356517506779603,0.4618532089157557,423.0,5.3544303797468356,468.0,5.924050632911392,253.68443037974683,79.6108264082351,260.7564556962025,68.21989836866298
2020-10-01,0.00015672541121169146,-3.579118760669057e-05,10.614556962025318,69.62984949363549,255.50740506329112,68.46841862222827,8.0,0.10126582278481013,0.007911392405063293,91.8452325668637,0.08025624786375198,0.5135584528851718,392.0,4.962025316455696,524.0,6.632911392405063,250.2001265822785,84.52447055012317,260.8146835443038,68.23210787988238
2020-10-02,0.0002566539396199947,9.992852840830322e-05,-3.42772151898734,31.07714140359261,264.81145569620253,55.21660716222637,-15.0,-0.189873417721519,-0.01759493670886058,66.54480504710264,-0.026061216526919832,0.22944551690733977,350.0,4.430379746835443,362.0,4.582278481012659,266.5253164556962,53.29901227822585,263.09759493670884,61.154370752140274
2020-10-05,9.931208696454036e-05,-0.00015734185265545432,-3.499620253164558,31.55771641355817,267.9577848101266,55.85238311690662,2.0,0.02531645569620253,0.05829113924050655,59.4100828546701,-0.02612937772175995,0.22943744451077341,304.0,3.848101265822785,354.0,4.481012658227848,269.70759493670886,53.93116218289684,266.2079746835443,61.873676776936314
2020-10-06,0.00021953593782077268,0.00012022385085623232,-3.5245569620253177,31.791877320838616,279.6824050632911,15.85647339822737,-68.0,-0.8607594936708861,-0.04727848101265839,22.64817990645828,-0.025132876976913025,0.22503851514151293,338.0,4.2784810126582276,520.0,6.582278481012659,281.4446835443038,1.6275952336885735,277.92012658227844,31.710694770128967
2020-10-07,0.00016699310283120966,-5.254283498956302e-05,3.6464556962025303,31.86131103898601,266.2168987341772,63.86758395056069,17.0,0.21518987341772153,0.0661392405063294,67.75349323925218,0.026894139159338616,0.23091374984019372,396.0,5.012658227848101,527.0,6.670886075949367,264.39367088607594,69.16856558117253,268.04012658227845,62.301024593247185
2020-10-08,5.375276690317453e-05,-0.00011324033592803512,0.06063291139240168,0.080325328447094,283.94462025316454,0.286835935586039,41.0,0.5189873417721519,0.017594936708860583,0.23424573547754646,0.0002135477071515477,0.0002827988625178633,348.0,4.405063291139241,353.0,4.468354430379747,283.91430379746834,0.2909960064238378,283.97493670886075,0.28826569571750543
2020-10-09,6.674682426281686e-05,1.2994057359642323e-05,-3.5598734177215237,32.17762873502975,273.0305696202532,56.90561620016158,-12.0,-0.1518987341772152,0.020949367088607968,82.48423535500565,-0.026098832506633057,0.22944107628024388,333.0,4.215189873417722,399.0,5.050632911392405,274.81050632911393,54.950417111847145,271.2506329113924,63.044824252105755
2020-10-12,2.91325410994198e-05,-3.761428316339706e-05,7.359999999999993,45.65614534421743,281.22101265822783,39.319983659546686,-209.0,-2.6455696202531644,0.03126582278480975,56.50716671967232,0.05144828838391095,0.3181428045579959,313.0,3.962025316455696,764.0,9.670886075949367,277.5410126582279,55.49776631206019,284.90101265822784,32.47094036507329
2020-10-13,4.616447398539133e-05,1.703193288597153e-05,-3.5703797468354415,32.30862155488873,285.43696202531646,16.172253867026864,232.0,2.9367088607594938,-0.020506329113924106,22.996261410127257,-0.025094359987910975,0.22504302425454553,317.0,4.012658227848101,319.0,4.037974683544304,287.2221518987342,0.36479594185660735,283.65177215189874,32.32451125057338
2020-10-14,6.401075161187509e-05,1.7846277626483765e-05,3.6664556962025254,32.05153550615788,284.1990506329114,16.173314818804858,-1.0,-0.012658227848101266,-0.019873417721518905,22.83734778449384,0.0255249796447557,0.2249939490980933,277.0,3.5063291139240507,309.0,3.911392405063291,282.3658227848101,32.18764795764231,286.03227848101267,0.8706362974741921
2020-10-15,0.00014021596709183694,7.620521547996184e-05,-3.514303797468358,31.839907336369173,282.2493037974684,16.06361493654528,-14.0,-0.17721518987341772,-0.0023417721518991246,22.621232748202758,-0.025080253965073157,0.22504475858500642,298.0,3.7721518987341773,340.0,4.30379746835443,284.0064556962026,0.8339219018568393,280.49215189873416,31.973017898144874
2020-10-16,6.938845902418241e-05,-7.082750806765452e-05,3.6917721518987325,32.33688755615194,285.3698101265823,16.146315417644054,111.0,1.4050632911392404,0.01234177215189902,23.021214809491944,0.02550068435230146,0.2249966132002026,546.0,6.9113924050632916,367.0,4.6455696202531644,283.5239240506329,32.311307515771816,287.21569620253166,0.4728193766483523
2020-10-19,9.415568669205162e-05,2.4767227667869205e-05,0.03455696202531452,45.64473536068924,280.9408227848101,22.50102351561465,-38.0,-0.4810126582278481,-0.0494303797468351,32.22820427254537,0.00019172704108731727,0.32025632526360026,557.0,7.050632911392405,401.0,5.075949367088608,280.9235443037975,32.047457879021046,280.9581012658228,32.05110754820394
2020-10-20,0.00010661465153461058,1.2458964842558965e-05,3.6705063291139246,32.10571707610832,282.19943037974684,15.909648217422724,-53.0,-0.6708860759493671,0.011329113924050404,22.86187669951066,0.025519242513973396,0.2249945098725649,333.0,4.215189873417722,312.0,3.949367088607595,280.3641772151899,31.95511028541143,284.03468354430385,0.7023346332293768
2020-10-21,9.468241359514863e-05,-1.193223793946195e-05,0.05481012658227395,64.09381273112253,275.79284810126586,31.214351992472384,247.0,3.1265822784810124,-0.012278481012658573,45.29243305650365,0.00016688907996091767,0.4529108237859636,770.0,9.746835443037975,291.0,3.6835443037974684,275.7654430379747,44.731919303880694,275.82025316455696,44.74075715963173
2020-10-22,7.016816047748369e-05,-2.4514253117664946e-05,0.05999999999999791,0.08164965809277003,282.6807594936709,0.9320851619393368,-238.0,-3.0126582278481013,0.021518987341772006,0.26819237549916014,0.00021215206769255575,0.0002878690047238697,453.0,5.734177215189874,427.0,5.405063291139241,282.6507594936709,0.9284654725528136,282.7107594936709,0.9374703717053242
2020-10-23,3.567771881307903e-05,-3.449044166440466e-05,-3.533544303797467,31.876327284099283,281.18474683544304,15.912278779632025,61.0,0.7721518987341772,-0.0037974683544305214,22.704554696890572,-0.02513215070653924,0.22503861647306508,442.0,5.594936708860759,331.0,4.189873417721519,282.95151898734173,0.5773993165814415,279.4179746835443,31.845218832851064
2020-10-26,0.00025369395898165606,0.00021801624016857702,0.780506329113925,2.908994406713902,262.5649367088608,61.05997779870208,-80.0,-1.0126582278481013,-0.08101265822784853,88.79559661632192,0.002944403855476593,0.01062289679039896,577.0,7.30379746835443,554.0,7.012658227848101,262.1746835443038,60.96880662789244,262.95518987341774,61.18559896050534
2020-10-27,7.002533169968348e-05,-0.00018366862728197257,0.49329113924050877,2.2261181123311204,272.07006329113926,31.024639220754743,-49.0,-0.620253164556962,-0.02898734177215144,44.156011252496604,0.0018445645759437967,0.008287444519096585,471.0,5.962025316455696,613.0,7.7594936708860756,271.823417721519,31.054263503731157,272.3167088607595,31.034931878801398
2020-10-28,0.0005446078699853191,0.00047458253828563566,4.133544303797469,30.004080963368057,261.87651898734174,33.47162556817218,12.0,0.1518987341772152,-0.11759493670886174,47.679780398876666,0.028529011423575206,0.22636393657766565,571.0,7.227848101265823,698.0,8.835443037974683,259.80974683544304,42.19607494733042,263.9432911392405,30.171395934216886
2020-10-29,0.00017994420857053972,-0.00036466366141477943,3.792784810126583,30.04562312664665,261.431582278481,33.37349521763072,41.0,0.5189873417721519,0.013987341772152129,47.92750423068042,0.02722576445294685,0.22640908401104087,424.0,5.367088607594937,504.0,6.379746835443038,259.5351898734177,42.13969886171227,263.3279746835443,30.053217472691493
2020-10-30,0.0002932281255474877,0.00011328391697694798,-2.719873417721522,29.73336830918106,258.04955696202535,32.958769213525436,73.0,0.9240506329113924,-0.017911392405062832,46.972602902824185,-0.023264634982537176,0.22692065397096808,527.0,6.670886075949367,417.0,5.2784810126582276,259.40949367088604,29.6690995213372,256.68962025316455,41.64543270562281
2020-11-02,0.00022912814774144445,-6.409997780604324e-05,3.4741772151898775,30.119689684426376,267.01164556962027,15.18783227391127,-6.0,-0.0759493670886076,0.05177215189873386,21.435126216604807,0.025630516910040663,0.2249828664346802,437.0,5.531645569620253,272.0,3.4430379746835444,265.2745569620253,30.237888942282606,268.7487341772152,0.780015396114661
2020-11-03,0.000281405538564366,5.227739082292154e-05,-3.4230379746835387,30.92944909663954,266.1883544303798,45.86585746054158,-72.0,-0.9113924050632911,0.06898734177215175,66.05319323682913,-0.02576479641973671,0.2279453415025619,291.0,3.6835443037974684,327.0,4.139240506329114,267.8998734177215,43.45813858137655,264.476835443038,52.88723251347259
2020-11-04,0.00023565854747099185,-4.574699109337414e-05,7.1863291139240495,44.34250912881468,262.7781012658228,64.98404942015307,-39.0,-0.4936708860759494,0.04841772151898792,95.3826520590115,0.05364618875528192,0.3243327467019223,271.0,3.430379746835443,362.0,4.582278481012659,259.1849367088608,74.79478620375335,266.37126582278484,61.92513522582025
2020-11-05,0.00032572175272542714,9.006320525443528e-05,-7.1175949367088585,44.88616688329318,280.24525316455697,22.441801254017687,-41.0,-0.5189873417721519,0.06772151898734206,32.16459573974063,-0.05039077569515794,0.3162157383418251,475.0,6.012658227848101,641.0,8.113924050632912,283.8040506329114,0.5964521580903298,276.68645569620253,44.88092156596377
2020-11-06,8.850550343807468e-05,-0.00023721624928735245,15.062658227848102,62.48534354732995,261.7970253164557,68.38245470784992,85.0,1.0759493670886076,0.0030379746835429784,98.86370603077535,0.10931830948767506,0.4520160146206026,254.0,3.2151898734177213,256.0,3.240506329113924,254.26569620253161,85.91641359385062,269.3283544303797,62.63305180195688
2020-11-09,0.00299386219427674,0.0029053566908386654,-26.137088607594936,84.68980025396299,282.51272151898735,42.22264752443571,262.0,3.3164556962025316,0.09740506329113952,62.8462197415897,-0.17690119399529286,0.5720833621211439,791.0,10.012658227848101,269.0,3.4050632911392404,295.5812658227848,1.211784409073382,269.4441772151899,84.5589536360253
2020-11-10,0.00016355512435355297,-0.002830307069923187,-7.114936708860761,66.12107759436118,282.47962025316457,45.676584907677835,-258.0,-3.2658227848101267,0.09721518987341782,66.42014609204799,-0.050183110409856235,0.45306829529841447,346.0,4.379746835443038,268.0,3.392405063291139,286.03708860759497,46.39904160570502,278.92215189873417,64.85235698761015
2020-11-11,5.346002999366774e-05,-0.00011009509435988523,0.05113924050633078,47.20105300833603,287.07582278481016,40.14254926101879,3.0,0.0379746835443038,-0.06683544303797398,57.80859770573357,0.00020111513507024088,0.32232926289386815,304.0,3.848101265822785,278.0,3.518987341772152,287.050253164557,46.56206417726675,287.1013924050633,46.570295301260515
2020-11-12,0.00011434352844692118,6.088349845325344e-05,3.7746835443038016,32.950756570258264,289.69354430379747,16.364389518956706,-1.0,-0.012658227848101266,-0.038924050632911246,23.439022985333207,0.02554479951921103,0.22499159230733684,344.0,4.3544303797468356,371.0,4.69620253164557,287.80620253164557,32.817670674063315,291.58088607594937,1.2096112851713354
2020-11-13,8.67751829303423e-05,-2.756834551657888e-05,0.0645569620253167,0.03788638441427118,286.65063291139245,46.49919290288736,-8.0,-0.10126582278481013,0.05126582278480954,66.51687271233092,0.00022530659809038789,0.0001258054390011192,315.0,3.9873417721518987,372.0,4.708860759493671,286.6183544303797,46.49404774229184,286.68291139240506,46.50434521059733
2020-11-16,0.00018565374072843294,9.887855779809065e-05,-3.7292405063291127,33.711426951526136,296.99208860759495,16.78063464555,-90.0,-1.139240506329114,0.060949367088608285,23.986663416231053,-0.025106378848457678,0.22504154265807233,339.0,4.291139240506329,615.0,7.784810126582278,298.8567088607595,0.4647489576517986,295.1274683544304,33.63322107939214
2020-11-17,0.0001441929166531466,-4.1460824075286335e-05,3.8284810126582336,33.56337201850911,292.328417721519,37.289682558972174,96.0,1.2151898734177216,-0.02044303797468366,53.4052226402055,0.02581656463595025,0.22643528780518082,382.0,4.8354430379746836,392.0,4.962025316455696,290.4141772151899,47.110612055296016,294.24265822784815,33.53924645992576
2020-11-18,5.7278433455177766e-05,-8.691448319796883e-05,7.571518987341769,46.8530592299111,294.55398734177214,23.761049108374955,-4.0,-0.05063291139240506,-0.04455696202531694,33.58919359561592,0.05085675090252326,0.3161402973240315,338.0,4.2784810126582276,367.0,4.6455696202531644,290.7682278481013,47.1745500911921,298.33974683544307,1.1581505755292967
2020-11-19,8.776129029897066e-05,3.048285684379289e-05,-3.6675949367088565,57.7633214564396,281.2375949367089,53.63302846995927,0.0,0.0,0.00645569620253225,78.21787048724165,-0.025767907996809968,0.3965123888136476,348.0,4.405063291139241,300.0,3.7974683544303796,283.0713924050633,56.60357836686463,279.40379746835447,64.94104291297701
2020-11-20,5.677009860905936e-05,-3.0991191689911294e-05,0.048354430379743844,46.99763677720403,285.89696202531644,39.97753823998305,4.0,0.05063291139240506,-0.03613924050633006,57.566988085839924,0.00017651686390292328,0.3223292146425175,307.0,3.8860759493670884,309.0,3.911392405063291,285.8727848101266,46.36840961359497,285.9211392405063,46.376358726030794
2020-11-23,9.834834912637145e-05,4.157825051731209e-05,-3.561898734177212,57.06418493905652,285.54145569620255,43.383473746671555,-16.0,-0.20253164556962025,0.04291139240506312,53.05759423039917,-0.02546713163034701,0.3939380667650456,366.0,4.632911392405063,400.0,5.063291139240507,287.32240506329117,46.61330500099592,283.7605063291139,56.74162481741099
2020-11-24,0.00010162765389481999,3.2793047684485357e-06,-3.6118987341772186,32.634292293967015,290.56835443037977,50.258629662881944,-17.0,-0.21518987341772153,0.05765822784810063,72.35184356021057,-0.02577236105448629,0.22794446990665904,320.0,4.050632911392405,416.0,5.265822784810126,292.3743037974684,47.43831751252722,288.7624050632911,57.74049064154313
2020-11-25,3.778004881281392e-05,-6.384760508200607e-05,3.837974683544302,58.43607419771092,293.1062025316456,28.75328244600943,-11.0,-0.13924050632911392,-0.021962025316455875,41.42877125196036,0.025505826058891647,0.3913915145924814,325.0,4.113924050632911,393.0,4.974683544303797,291.1872151898734,47.22954127522819,295.02518987341773,33.619344395625724
2020-11-26,0.0,-3.778004881281392e-05,0.029999999999972705,0.0,298.685,0.0,0.0,0.0,0.0,0.0,0.0001004402631533,0.0,79.0,1.0,3239.0,41.0,298.67,0.0,298.7,0.0
2020-11-27,3.006646737519307e-05,3.006646737519307e-05,27387.420000000002,68925.73791666736,13981.737215189873,34449.27586966456,41.0,0.5189873417721519,0.009620253164527356,14052.926479658432,0.2570618851960877,0.8058940518449569,281.0,3.5569620253164556,345.0,4.367088607594937,288.02721518987346,36.59708335501786,27675.447215189874,68912.13645084988
2020-11-30,0.00011104061201140108,8.097414463620801e-05,0.35683544303797243,1.754861777231819,295.7125949367089,0.8690659076093812,-5.0,-0.06329113924050633,-0.10537974683544289,0.6736885513350634,0.0012216109013611237,0.006027976059661704,295.0,3.7341772151898733,328.0,4.151898734177215,295.53417721518986,1.6808663880112593,295.89101265822785,0.4743513653257966
2020-12-01,0.00010984163660872742,-1.198975402673654e-06,0.05848101265822857,0.04478119475951351,299.4601265822785,0.606236273798348,6.0,0.0759493670886076,0.09284810126582324,0.9340797210885781,0.00019520957743965914,0.0001492248387918569,360.0,4.556962025316456,317.0,4.012658227848101,299.4308860759494,0.6006731050768354,299.4893670886076,0.6125678230835123
2020-12-02,6.439371327890109e-05,-4.5447923329826334e-05,0.07139240506329164,0.09084692926545229,298.3389873417721,0.5128817400969514,3.0,0.0379746835443038,0.009050632911392084,0.2735908839168823,0.00023931425409295308,0.0003041806024895722,368.0,4.658227848101266,367.0,4.6455696202531644,298.3032911392405,0.516079206599677,298.37468354430376,0.5136965966829202
2020-12-03,4.8442243423351186e-05,-1.5951469855549904e-05,0.06544303797468302,48.17152139843272,289.1298101265823,52.55644162892171,-5.0,-0.06329113924050633,0.010822784810126091,76.0874783046663,0.0002338552819397348,0.3244431120390946,328.0,4.151898734177215,305.0,3.8607594936708862,289.0970886075949,57.80618350722988,289.16253164556963,57.819131770001576
2020-12-04,2.4284986056218014e-05,-2.4157257367133172e-05,-3.757848101265825,33.9520841726828,292.2204430379747,50.34601898547508,-83.0,-1.0506329113924051,0.031772151898734065,72.48513405961064,-0.025765734231867114,0.22794532684111668,369.0,4.670886075949367,559.0,7.075949367088608,294.09936708860755,47.702225942304814,290.3415189873418,58.054396089834604
2020-12-07,3.166384531865188e-05,7.378859262433866e-06,-3.7516455696202464,33.90959358354172,295.2417721518987,37.65423206403278,85.0,1.0759493670886076,-0.017911392405062832,53.829067686089346,-0.025430085301045593,0.22647990244066557,397.0,5.025316455696203,440.0,5.569620253164557,297.1175949367089,33.85883357128799,293.3659493670886,47.5835270062695
2020-12-08,2.2127294878522303e-05,-9.536550440129578e-06,-11.342784810126584,57.76584968284726,296.1307594936709,29.199678125296206,-5.0,-0.06329113924050633,0.01341772151898701,41.932020004180146,-0.07575426099353892,0.3847519278254878,349.0,4.417721518987341,445.0,5.632911392405063,301.80215189873417,0.6643671962873715,290.4593670886076,58.07966697787578
2020-12-09,6.609236895625299e-05,4.396507407773069e-05,11.908354430379749,57.99313709243092,288.28468354430385,55.0353570812913,7.0,0.08860759493670886,0.08392405063291206,79.90053341206564,0.07942890703591338,0.389324361330953,377.0,4.772151898734177,366.0,4.632911392405063,282.3305063291139,73.86080302039278,294.23886075949366,47.7908444184025
2020-12-10,7.113529925209616e-05,5.0429302958431645e-06,-7.542531645569618,47.54073091647522,296.70088607594937,23.743915506162388,-21.0,-0.26582278481012656,-0.105253164556962,34.00460752998657,-0.05040361251641846,0.31621419807478074,361.0,4.569620253164557,341.0,4.3164556962025316,300.4721518987342,0.379644472301276,292.92962025316456,47.51277160131325
2020-12-11,5.1831245346782704e-05,-1.930405390531345e-05,7.646708860759494,47.304708762245006,292.4682911392405,40.943824311927024,18.0,0.22784810126582278,0.005189873417721116,58.914919062190954,0.051516603206963225,0.31813178445972495,249.0,3.151898734177215,265.0,3.3544303797468356,288.64493670886077,57.7176719121404,296.29164556962024,33.76879599800412
2020-12-14,9.887024101713318e-05,4.7038995670350475e-05,0.08088607594936757,0.1768614543488883,293.8404430379747,47.67323611617298,-4.0,-0.05063291139240506,-0.022974683544303043,68.50648439044154,0.0002750399248251355,0.000591118866338299,263.0,3.329113924050633,275.0,3.481012658227848,293.8,47.66653787861388,293.8808860759494,47.68009742261904
2020-12-15,6.072338797780952e-05,-3.814685303932366e-05,11.525696202531648,58.073042505582926,291.98006329113923,44.11371657500697,4.0,0.05063291139240506,0.04417721518987353,63.95946308079498,0.07712034226326786,0.38706521114845055,287.0,3.632911392405063,321.0,4.063291139240507,286.2172151898734,66.5290305042672,297.74291139240506,33.943588690796915
2020-12-16,2.3281268668315527e-05,-3.744211930949399e-05,-11.423544303797465,58.19402566564969,292.55721518987343,44.19644142295961,-4.0,-0.05063291139240506,-0.005759493670886595,64.01676957826197,-0.07671351027715652,0.3871472080288949,305.0,3.8607594936708862,289.0,3.6582278481012658,298.2689873417722,33.98945792806099,286.8454430379747,66.66813279408626
2020-12-17,3.172499403470536e-05,8.443725366389834e-06,-3.7868354430379743,59.321878558880975,293.6801265822785,44.399574091098565,21.0,0.26582278481012656,0.01778481012658193,64.23973769058885,-0.02548882981536868,0.39393668262108145,359.0,4.544303797468355,303.0,3.8354430379746836,295.57354430379746,47.940666133546166,291.7867088607595,58.34277613801965
2020-12-18,4.9347030180326364e-05,1.7622036145621003e-05,7.7918987341772175,67.9488199757154,289.9113924050633,46.80837776986731,3.0,0.0379746835443038,-0.021265822784809492,59.02838894075675,0.05175876301667001,0.4528583974152227,344.0,4.3544303797468356,304.0,3.848101265822785,286.0154430379747,66.47664561559347,293.80734177215186,47.659470356248235
2020-12-21,0.00011797418257418288,6.862715239385652e-05,-18.9079746835443,73.61162819895995,276.1389240506329,74.03219768032537,-350.0,-4.430379746835443,0.0027215189873414565,99.33002238329077,-0.13299044880837008,0.5023403596391421,273.0,3.4556962025316458,888.0,11.240506329113924,285.5929113924051,66.39081462865286,266.6849367088608,96.24514648932879
2020-12-22,3.295502939763478e-05,-8.501915317654811e-05,0.060253164556962585,0.05640909827379504,293.1672151898734,47.5514211059637,337.0,4.265822784810126,-0.024556962025316424,68.21995665976472,0.0002055143415762271,0.00018703720480893184,389.0,4.924050632911392,363.0,4.594936708860759,293.13708860759493,47.546532811980796,293.1973417721519,47.55632562494497
2020-12-23,4.475588013978854e-05,1.1800850742153762e-05,11.528227848101269,58.140321895845624,292.648670886076,44.227443705650124,1.0,0.012658227848101266,0.013987341772152129,64.03316759435306,0.07708512874669768,0.3870722331139126,347.0,4.3924050632911396,328.0,4.151898734177215,286.88455696202533,66.67732176641641,298.4127848101266,34.006129309389884
2020-12-24,1.6940454984466302e-05,-2.7815425155322237e-05,-7.513797468354434,47.733349474565664,290.26284810126583,52.768835431018026,-9.0,-0.11392405063291139,-3.8130379746835446,48.14154116274406,-0.05151644992642314,0.3202727644728899,343.0,4.341772151898734,329.0,4.1645569620253164,294.0197468354431,47.6889173539998,286.50594936708865,66.58906421572247
2020-12-28,3.292305192925993e-05,3.292305192925993e-05,-3.8015189873417734,59.509620124872974,298.37708860759494,29.263014610723776,0.0,0.0,3.848101265822785,54.26467619221574,-0.025147479927330463,0.391415077103646,306.0,3.8734177215189876,377.0,4.772151898734177,300.2778481012658,34.21849086539084,296.47632911392407,48.0878401970121
2020-12-29,5.707838014508687e-05,2.415532821582694e-05,7.756075949367086,48.07674536260565,288.25348101265826,62.41459532194018,0.0,0.0,-0.007151898734177185,90.99343024919487,0.05282181790406957,0.3222412429346483,262.0,3.3164556962025316,270.0,3.4177215189873418,284.37544303797466,74.39467994829262,292.1315189873418,58.41473903155467
2020-12-30,2.2812652672200707e-05,-3.426572747288616e-05,-7.656835443037974,68.50736377309552,285.2779113924051,66.19165985987107,0.0,0.0,0.008544303797468497,91.27762263384774,-0.052432842732835494,0.45885470456208693,350.0,4.430379746835443,281.0,3.5569620253164556,289.10632911392406,67.19369522044067,281.44949367088606,81.20534734980131
2020-12-31,1.537142224312035e-05,-7.4412304290803565e-06,4.331139240506333,59.525642071884505,286.68556962025315,64.34980777663071,-3.0,-0.0379746835443038,-0.0851265822784813,91.02200394006837,0.027966308512745314,0.3991200211610463,332.0,4.2025316455696204,307.0,3.8860759493670884,284.52,74.47206998393631,288.85113924050637,67.13685534876792
